cardName,cleanName,cardNumber,setName,setEra,supertype,cardSubType,stage,cardRarity,finishType,marketPrice,patternType,tagName,isLegendary,isMythical,isStarter,isEeveelution,isMascot,isWaifuTrainer
Fuecoco - 002,Fuecoco 002,002,Scarlet & Violet Promos,Scarlet & Violet,pokemon,Fire,Basic,Promo,Holofoil,7.29,none,Fuecoco 002,False,False,False,False,False,False
Quaxly - 003,Quaxly 003,003,Scarlet & Violet Promos,Scarlet & Violet,pokemon,Water,Basic,Promo,Holofoil,2.65,none,Quaxly 003,False,False,False,False,False,False
Sprigatito - 001,Sprigatito 001,001,Scarlet & Violet Promos,Scarlet & Violet,pokemon,Grass,Basic,Promo,Holofoil,10.92,none,Sprigatito 001,False,False,False,False,False,False
Lucario ex - 017,Lucario ex 017,017,Scarlet & Violet Promos,Scarlet & Violet,pokemon,Fighting,Stage 1,Promo,Holofoil,6.42,none,Lucario ex 017,False,False,False,False,False,False
Ampharos ex - 016,Ampharos ex 016,016,Scarlet & Violet Promos,Scarlet & Violet,pokemon,Lightning,Stage 2,Promo,Holofoil,5.09,none,Ampharos ex 016,False,False,False,False,False,False
Mimikyu ex - 004,Mimikyu ex 004,004,Scarlet & Violet Promos,Scarlet & Violet,pokemon,Psychic,Basic,Promo,Holofoil,0.97,none,Mimikyu ex 004,False,False,False,False,False,False
Quaquaval - 005 (Prerelease),Quaquaval 005 Prerelease,005,Scarlet & Violet Promos,Scarlet & Violet,pokemon,Water,Stage 2,Promo,Holofoil,2.18,none,Quaquaval 005 Prerelease,False,False,False,False,False,False
Pawmot - 006 (Prerelease),Pawmot 006 Prerelease,006,Scarlet & Violet Promos,Scarlet & Violet,pokemon,Lightning,Stage 2,Promo,Holofoil,3.06,none,Pawmot 006 Prerelease,False,False,False,False,False,False
Hawlucha - 007 (Prerelease),Hawlucha 007 Prerelease,007,Scarlet & Violet Promos,Scarlet & Violet,pokemon,Fighting,Basic,Promo,Holofoil,8.71,none,Hawlucha 007 Prerelease,False,False,False,False,False,False
Revavroom - 008 (Prerelease),Revavroom 008 Prerelease,008,Scarlet & Violet Promos,Scarlet & Violet,pokemon,Metal,Stage 1,Promo,Holofoil,2.61,none,Revavroom 008 Prerelease,False,False,False,False,False,False
Miraidon - 013,Miraidon 013,013,Scarlet & Violet Promos,Scarlet & Violet,pokemon,Lightning,Basic,Promo,Holofoil,6.39,none,Miraidon 013,False,False,False,False,False,False
Koraidon - 014,Koraidon 014,014,Scarlet & Violet Promos,Scarlet & Violet,pokemon,Fighting,Basic,Promo,Holofoil,5.51,none,Koraidon 014,False,False,False,False,False,False
Koraidon - 014 (Pokemon Center Exclusive),Koraidon 014 Pokemon Center Exclusive,014,Scarlet & Violet Promos,Scarlet & Violet,pokemon,Fighting,Basic,Promo,Holofoil,54.3,none,Koraidon 014 Pokemon Center Exclusive,False,False,False,False,False,False
Miraidon - 013 (Pokemon Center Exclusive),Miraidon 013 Pokemon Center Exclusive,013,Scarlet & Violet Promos,Scarlet & Violet,pokemon,Lightning,Basic,Promo,Holofoil,60.1,none,Miraidon 013 Pokemon Center Exclusive,False,False,False,False,False,False
Spidops - 009,Spidops 009,009,Scarlet & Violet Promos,Scarlet & Violet,pokemon,Grass,Stage 1,Promo,Holofoil,0.31,none,Spidops 009,False,False,False,False,False,False
Espathra - 010,Espathra 010,010,Scarlet & Violet Promos,Scarlet & Violet,pokemon,Psychic,Stage 1,Promo,Holofoil,0.26,none,Espathra 010,False,False,False,False,False,False
Arcanine - 011,Arcanine 011,011,Scarlet & Violet Promos,Scarlet & Violet,pokemon,Fire,Stage 1,Promo,Holofoil,1.58,none,Arcanine 011,False,False,False,False,False,False
Dondozo - 012,Dondozo 012,012,Scarlet & Violet Promos,Scarlet & Violet,pokemon,Water,Basic,Promo,Holofoil,0.33,none,Dondozo 012,False,False,False,False,False,False
Flaaffy - 015,Flaaffy 015,015,Scarlet & Violet Promos,Scarlet & Violet,pokemon,Lightning,Stage 1,Promo,Normal,2.35,none,Flaaffy 015,False,False,False,False,False,False
Tinkatink - 025 (Cosmo Holofoil),Tinkatink 025 Cosmo Holofoil,025,Scarlet & Violet Promos,Scarlet & Violet,pokemon,Psychic,Basic,Promo,Holofoil,0.39,none,Tinkatink 025 Cosmo Holofoil,False,False,False,False,False,False
Miraidon ex - 028,Miraidon ex 028,028,Scarlet & Violet Promos,Scarlet & Violet,pokemon,Lightning,Basic,Promo,Holofoil,0.7,none,Miraidon ex 028,False,False,False,False,False,False
Koraidon ex - 029,Koraidon ex 029,029,Scarlet & Violet Promos,Scarlet & Violet,pokemon,Fighting,Basic,Promo,Holofoil,0.61,none,Koraidon ex 029,False,False,False,False,False,False
Pikachu - 027,Pikachu 027,027,Scarlet & Violet Promos,Scarlet & Violet,pokemon,Lightning,Basic,Promo,Holofoil,19.36,none,Pikachu 027,False,False,False,False,False,False
Pikachu - 027 (Pokemon Center Exclusive),Pikachu 027 Pokemon Center Exclusive,027,Scarlet & Violet Promos,Scarlet & Violet,pokemon,Lightning,Basic,Promo,Holofoil,139.23,none,Pikachu 027 Pokemon Center Exclusive,False,False,False,False,False,False
Growlithe - 024,Growlithe 024,024,Scarlet & Violet Promos,Scarlet & Violet,pokemon,Fire,Basic,Promo,Holofoil,0.5,none,Growlithe 024,False,False,False,False,False,False
Smoliv - 023,Smoliv 023,023,Scarlet & Violet Promos,Scarlet & Violet,pokemon,Grass,Basic,Promo,Holofoil,0.36,none,Smoliv 023,False,False,False,False,False,False
Baxcalibur - 019 (Prerelease),Baxcalibur 019 Prerelease,019,Scarlet & Violet Promos,Scarlet & Violet,pokemon,Water,Stage 2,Promo,Holofoil,2.37,none,Baxcalibur 019 Prerelease,False,False,False,False,False,False
Tinkaton - 020 (Prerelease),Tinkaton 020 Prerelease,020,Scarlet & Violet Promos,Scarlet & Violet,pokemon,Psychic,Stage 2,Promo,Holofoil,6.33,none,Tinkaton 020 Prerelease,False,False,False,False,False,False
Murkrow - 021 (Prerelease),Murkrow 021 Prerelease,021,Scarlet & Violet Promos,Scarlet & Violet,pokemon,Darkness,Basic,Promo,Holofoil,2.31,none,Murkrow 021 Prerelease,False,False,False,False,False,False
Pelipper - 022 (Prerelease),Pelipper 022 Prerelease,022,Scarlet & Violet Promos,Scarlet & Violet,pokemon,Colorless,Stage 1,Promo,Holofoil,1.16,none,Pelipper 022 Prerelease,False,False,False,False,False,False
Annihilape ex - 032,Annihilape ex 032,032,Scarlet & Violet Promos,Scarlet & Violet,pokemon,Fighting,Stage 2,Promo,Holofoil,0.77,none,Annihilape ex 032,False,False,False,False,False,False
Chien-Pao ex - 030,Chien Pao ex 030,030,Scarlet & Violet Promos,Scarlet & Violet,pokemon,Water,Basic,Promo,Holofoil,3.29,none,Chien Pao ex 030,False,False,False,False,False,False
Tinkaton ex - 031,Tinkaton ex 031,031,Scarlet & Violet Promos,Scarlet & Violet,pokemon,Psychic,Stage 2,Promo,Holofoil,9.84,none,Tinkaton ex 031,False,False,False,False,False,False
Charmander - 044,Charmander 044,044,Scarlet & Violet Promos,Scarlet & Violet,pokemon,Fire,Basic,Promo,Holofoil,68.72,none,Charmander 044,False,False,False,False,False,False
Charmander - 044 (Pokemon Center Exclusive),Charmander 044 Pokemon Center Exclusive,044,Scarlet & Violet Promos,Scarlet & Violet,pokemon,Fire,Basic,Promo,Holofoil,237.34,none,Charmander 044 Pokemon Center Exclusive,False,False,False,False,False,False
Pawmi - 040,Pawmi 040,040,Scarlet & Violet Promos,Scarlet & Violet,pokemon,Lightning,Basic,Promo,Holofoil,0.34,none,Pawmi 040,False,False,False,False,False,False
Paldean Wooper - 041,Paldean Wooper 041,041,Scarlet & Violet Promos,Scarlet & Violet,pokemon,Darkness,Basic,Promo,Holofoil,0.52,none,Paldean Wooper 041,False,False,False,False,False,False
Eevee - 043,Eevee 043,043,Scarlet & Violet Promos,Scarlet & Violet,pokemon,Colorless,Basic,Promo,Holofoil,5.27,none,Eevee 043,False,False,False,False,False,False
Tinkaton - 020 (Prerelease) [Staff],Tinkaton 020 Prerelease Staff,020,Scarlet & Violet Promos,Scarlet & Violet,pokemon,Psychic,Stage 2,Promo,Holofoil,105.63,none,Tinkaton 020 Prerelease Staff,False,False,False,False,False,False
Cleffa - 037 (Prerelease),Cleffa 037 Prerelease,037,Scarlet & Violet Promos,Scarlet & Violet,pokemon,Psychic,Basic,Promo,Holofoil,8.41,none,Cleffa 037 Prerelease,False,False,False,False,False,False
Houndstone - 042,Houndstone 042,042,Scarlet & Violet Promos,Scarlet & Violet,pokemon,Psychic,Stage 1,Promo,Holofoil,0.43,none,Houndstone 042,False,False,False,False,False,False
Cleffa - 037 (Prerelease) [Staff],Cleffa 037 Prerelease Staff,037,Scarlet & Violet Promos,Scarlet & Violet,pokemon,Psychic,Basic,Promo,Holofoil,45.6,none,Cleffa 037 Prerelease Staff,False,False,False,False,False,False
Palafin - 036 (Prerelease),Palafin 036 Prerelease,036,Scarlet & Violet Promos,Scarlet & Violet,pokemon,Water,Stage 1,Promo,Holofoil,4.18,none,Palafin 036 Prerelease,False,False,False,False,False,False
Palafin - 036 (Prerelease) [Staff],Palafin 036 Prerelease Staff,036,Scarlet & Violet Promos,Scarlet & Violet,pokemon,Water,Stage 1,Promo,Holofoil,38.1,none,Palafin 036 Prerelease Staff,False,False,False,False,False,False
Togekiss - 038 (Prerelease),Togekiss 038 Prerelease,038,Scarlet & Violet Promos,Scarlet & Violet,pokemon,Psychic,Stage 2,Promo,Holofoil,5.23,none,Togekiss 038 Prerelease,False,False,False,False,False,False
Togekiss - 038 (Prerelease) [Staff],Togekiss 038 Prerelease Staff,038,Scarlet & Violet Promos,Scarlet & Violet,pokemon,Psychic,Stage 2,Promo,Holofoil,33.63,none,Togekiss 038 Prerelease Staff,False,False,False,False,False,False
Mawile - 039 (Prerelease),Mawile 039 Prerelease,039,Scarlet & Violet Promos,Scarlet & Violet,pokemon,Metal,Basic,Promo,Holofoil,3.91,none,Mawile 039 Prerelease,False,False,False,False,False,False
Mawile - 039 (Prerelease) [Staff],Mawile 039 Prerelease Staff,039,Scarlet & Violet Promos,Scarlet & Violet,pokemon,Metal,Basic,Promo,Holofoil,52.48,none,Mawile 039 Prerelease Staff,False,False,False,False,False,False
Skeledirge ex - 034,Skeledirge ex 034,034,Scarlet & Violet Promos,Scarlet & Violet,pokemon,Fire,Stage 2,Promo,Holofoil,0.91,none,Skeledirge ex 034,False,False,False,False,False,False
Quaquaval ex - 035,Quaquaval ex 035,035,Scarlet & Violet Promos,Scarlet & Violet,pokemon,Water,Stage 2,Promo,Holofoil,0.66,none,Quaquaval ex 035,False,False,False,False,False,False
Meowscarada ex - 033,Meowscarada ex 033,033,Scarlet & Violet Promos,Scarlet & Violet,pokemon,Grass,Stage 2,Promo,Holofoil,1.0,none,Meowscarada ex 033,False,False,False,False,False,False
Baxcalibur - 019 (Prerelease) [Staff],Baxcalibur 019 Prerelease Staff,019,Scarlet & Violet Promos,Scarlet & Violet,pokemon,Water,Stage 2,Promo,Holofoil,40.44,none,Baxcalibur 019 Prerelease Staff,False,False,False,False,False,False
Revavroom - 008 (Prerelease) [Staff],Revavroom 008 Prerelease Staff,008,Scarlet & Violet Promos,Scarlet & Violet,pokemon,Metal,Stage 1,Promo,Holofoil,32.71,none,Revavroom 008 Prerelease Staff,False,False,False,False,False,False
Snorlax - 051,Snorlax 051,051,Scarlet & Violet Promos,Scarlet & Violet,pokemon,Colorless,Basic,Promo,Holofoil,24.69,none,Snorlax 051,False,False,False,False,False,False
Snorlax - 051 (Pokemon Center Exclusive),Snorlax 051 Pokemon Center Exclusive,051,Scarlet & Violet Promos,Scarlet & Violet,pokemon,Colorless,Basic,Promo,Holofoil,288.71,none,Snorlax 051 Pokemon Center Exclusive,False,False,False,False,False,False
Bulbasaur - 046 (Cosmos Holo),Bulbasaur 046 Cosmos Holo,046,Scarlet & Violet Promos,Scarlet & Violet,pokemon,Grass,Basic,Promo,Holofoil,1.48,none,Bulbasaur 046 Cosmos Holo,False,False,False,False,False,False
Charmander - 047 (Cosmos Holo),Charmander 047 Cosmos Holo,047,Scarlet & Violet Promos,Scarlet & Violet,pokemon,Fire,Basic,Promo,Holofoil,1.45,none,Charmander 047 Cosmos Holo,False,False,False,False,False,False
Squirtle - 048 (Cosmos Holo),Squirtle 048 Cosmos Holo,048,Scarlet & Violet Promos,Scarlet & Violet,pokemon,Water,Basic,Promo,Holofoil,1.65,none,Squirtle 048 Cosmos Holo,False,False,False,False,False,False
Pikachu with Grey Felt Hat,Pikachu with Grey Felt Hat,085,Scarlet & Violet Promos,Scarlet & Violet,pokemon,Lightning,Basic,Promo,Normal,946.18,none,Pikachu with Grey Felt Hat,False,False,False,False,False,False
Paradise Resort - 045 (World Championships 2023),Paradise Resort 045 World Championships 2023,045,Scarlet & Violet Promos,Scarlet & Violet,trainer,Stadium,,Promo,Normal,599.98,none,Paradise Resort 045 World Championships 2023,False,False,False,False,False,False
Alakazam ex - 050,Alakazam ex 050,050,Scarlet & Violet Promos,Scarlet & Violet,pokemon,Psychic,Stage 2,Promo,Holofoil,0.87,none,Alakazam ex 050,False,False,False,False,False,False
Zapdos ex - 049,Zapdos ex 049,049,Scarlet & Violet Promos,Scarlet & Violet,pokemon,Lightning,Basic,Promo,Holofoil,0.73,none,Zapdos ex 049,False,False,False,False,False,False
Mew ex - 053,Mew ex 053,053,Scarlet & Violet Promos,Scarlet & Violet,pokemon,Psychic,Basic,Promo,Holofoil,81.31,none,Mew ex 053,False,False,False,False,False,False
Mewtwo - 052,Mewtwo 052,052,Scarlet & Violet Promos,Scarlet & Violet,pokemon,Psychic,Basic,Promo,Holofoil,52.22,none,Mewtwo 052,False,False,False,False,False,False
Greninja ex - 054,Greninja ex 054,054,Scarlet & Violet Promos,Scarlet & Violet,pokemon,Water,Stage 2,Promo,Holofoil,4.98,none,Greninja ex 054,False,False,False,False,False,False
Kangaskhan ex - 055,Kangaskhan ex 055,055,Scarlet & Violet Promos,Scarlet & Violet,pokemon,Colorless,Basic,Promo,Holofoil,7.6,none,Kangaskhan ex 055,False,False,False,False,False,False
Charizard ex - 056,Charizard ex 056,056,Scarlet & Violet Promos,Scarlet & Violet,pokemon,Darkness,Stage 2,Promo,Holofoil,13.9,none,Charizard ex 056,False,False,False,False,False,False
Pawmot - 006 (Prerelease) [Staff],Pawmot 006 Prerelease Staff,006,Scarlet & Violet Promos,Scarlet & Violet,pokemon,Lightning,Stage 2,Promo,Holofoil,37.04,none,Pawmot 006 Prerelease Staff,False,False,False,False,False,False
Hawlucha - 007 (Prerelease) [Staff],Hawlucha 007 Prerelease Staff,007,Scarlet & Violet Promos,Scarlet & Violet,pokemon,Fighting,Basic,Promo,Holofoil,116.38,none,Hawlucha 007 Prerelease Staff,False,False,False,False,False,False
Quaquaval - 005 (Prerelease) [Staff],Quaquaval 005 Prerelease Staff,005,Scarlet & Violet Promos,Scarlet & Violet,pokemon,Water,Stage 2,Promo,Holofoil,28.13,none,Quaquaval 005 Prerelease Staff,False,False,False,False,False,False
Oddish - 102,Oddish 102,102,Scarlet & Violet Promos,Scarlet & Violet,pokemon,Grass,Basic,Promo,Normal,5.54,none,Oddish 102,False,False,False,False,False,False
Chi-Yu - 057 (Prerelease),Chi Yu 057 Prerelease,057,Scarlet & Violet Promos,Scarlet & Violet,pokemon,Fire,Basic,Promo,Holofoil,2.9,none,Chi Yu 057 Prerelease,False,False,False,False,False,False
Iron Bundle - 058 (Prerelease),Iron Bundle 058 Prerelease,058,Scarlet & Violet Promos,Scarlet & Violet,pokemon,Water,Basic,Promo,Holofoil,2.26,none,Iron Bundle 058 Prerelease,False,False,False,False,False,False
Xatu - 059 (Prerelease),Xatu 059 Prerelease,059,Scarlet & Violet Promos,Scarlet & Violet,pokemon,Psychic,Stage 1,Rare,Holofoil,1.93,none,Xatu 059 Prerelease,False,False,False,False,False,False
Aegislash - 060 (Prerelease),Aegislash 060 Prerelease,060,Scarlet & Violet Promos,Scarlet & Violet,pokemon,Metal,Stage 2,Promo,Holofoil,1.18,none,Aegislash 060 Prerelease,False,False,False,False,False,False
Pineco - 061,Pineco 061,061,Scarlet & Violet Promos,Scarlet & Violet,pokemon,Grass,Basic,Promo,Holofoil,0.28,none,Pineco 061,False,False,False,False,False,False
Sinistea - 062,Sinistea 062,062,Scarlet & Violet Promos,Scarlet & Violet,pokemon,Psychic,Basic,Promo,Holofoil,0.3,none,Sinistea 062,False,False,False,False,False,False
Cetitan - 063,Cetitan 063,063,Scarlet & Violet Promos,Scarlet & Violet,pokemon,Water,Stage 1,Promo,Holofoil,0.46,none,Cetitan 063,False,False,False,False,False,False
Arctibax - 064,Arctibax 064,064,Scarlet & Violet Promos,Scarlet & Violet,pokemon,Water,Stage 1,Promo,Holofoil,0.82,none,Arctibax 064,False,False,False,False,False,False
Scream Tail - 065,Scream Tail 065,065,Scarlet & Violet Promos,Scarlet & Violet,pokemon,Psychic,Basic,Promo,Holofoil,6.17,none,Scream Tail 065,False,False,False,False,False,False
Scream Tail - 065 (Pokemon Center Exclusive),Scream Tail 065 Pokemon Center Exclusive,065,Scarlet & Violet Promos,Scarlet & Violet,pokemon,Psychic,Basic,Promo,Holofoil,39.49,none,Scream Tail 065 Pokemon Center Exclusive,False,False,False,False,False,False
Iron Bundle - 066,Iron Bundle 066,066,Scarlet & Violet Promos,Scarlet & Violet,pokemon,Water,Basic,Promo,Holofoil,2.35,none,Iron Bundle 066,False,False,False,False,False,False
Iron Bundle - 066 (Pokemon Center Exclusive),Iron Bundle 066 Pokemon Center Exclusive,066,Scarlet & Violet Promos,Scarlet & Violet,pokemon,Water,Basic,Promo,Holofoil,31.74,none,Iron Bundle 066 Pokemon Center Exclusive,False,False,False,False,False,False
Murkrow - 021 (Prerelease) [Staff],Murkrow 021 Prerelease Staff,021,Scarlet & Violet Promos,Scarlet & Violet,pokemon,Darkness,Basic,Promo,Holofoil,33.02,none,Murkrow 021 Prerelease Staff,False,False,False,False,False,False
Pelipper - 022 (Prerelease) [Staff],Pelipper 022 Prerelease Staff,022,Scarlet & Violet Promos,Scarlet & Violet,pokemon,Colorless,Stage 1,Promo,Holofoil,28.28,none,Pelipper 022 Prerelease Staff,False,False,False,False,False,False
Roaring Moon ex - 067,Roaring Moon ex 067,067,Scarlet & Violet Promos,Scarlet & Violet,pokemon,Darkness,Basic,Promo,Holofoil,0.92,none,Roaring Moon ex 067,False,False,False,False,False,False
Iron Valiant ex - 068,Iron Valiant ex 068,068,Scarlet & Violet Promos,Scarlet & Violet,pokemon,Psychic,Basic,Promo,Holofoil,0.65,none,Iron Valiant ex 068,False,False,False,False,False,False
Pikachu - 101,Pikachu 101,101,Scarlet & Violet Promos,Scarlet & Violet,pokemon,Lightning,Basic,Promo,Normal,35.27,none,Pikachu 101,False,False,False,False,False,False
Varoom - 026 (Cosmos Holo),Varoom 026 Cosmos Holo,026,Scarlet & Violet Promos,Scarlet & Violet,pokemon,Metal,Basic,Promo,Holofoil,0.33,none,Varoom 026 Cosmos Holo,False,False,False,False,False,False
Mimikyu - 075,Mimikyu 075,075,Scarlet & Violet Promos,Scarlet & Violet,pokemon,Psychic,Basic,Promo,Holofoil,14.28,none,Mimikyu 075,False,False,False,False,False,False
Mimikyu - 075 (Pokemon Center Exclusive),Mimikyu 075 Pokemon Center Exclusive,075,Scarlet & Violet Promos,Scarlet & Violet,pokemon,Psychic,Basic,Promo,Holofoil,77.25,none,Mimikyu 075 Pokemon Center Exclusive,False,False,False,False,False,False
Fidough - 069,Fidough 069,069,Scarlet & Violet Promos,Scarlet & Violet,pokemon,Psychic,Basic,Promo,Holofoil,0.77,none,Fidough 069,False,False,False,False,False,False
Greavard - 070,Greavard 070,070,Scarlet & Violet Promos,Scarlet & Violet,pokemon,Psychic,Basic,Promo,Holofoil,0.53,none,Greavard 070,False,False,False,False,False,False
Maschiff - 071,Maschiff 071,071,Scarlet & Violet Promos,Scarlet & Violet,pokemon,Darkness,Basic,Promo,Holofoil,0.49,none,Maschiff 071,False,False,False,False,False,False
Fuecoco - 079,Fuecoco 079,079,Scarlet & Violet Promos,Scarlet & Violet,pokemon,Fire,Basic,Promo,Holofoil,3.85,none,Fuecoco 079,False,False,False,False,False,False
Sprigatito - 076,Sprigatito 076,076,Scarlet & Violet Promos,Scarlet & Violet,pokemon,Grass,Basic,Promo,Holofoil,5.9,none,Sprigatito 076,False,False,False,False,False,False
Quaxwell - 083,Quaxwell 083,083,Scarlet & Violet Promos,Scarlet & Violet,pokemon,Water,Stage 1,Promo,Holofoil,1.02,none,Quaxwell 083,False,False,False,False,False,False
Quaquaval ex - 084,Quaquaval ex 084,084,Scarlet & Violet Promos,Scarlet & Violet,pokemon,Water,Stage 2,Promo,Holofoil,2.13,none,Quaquaval ex 084,False,False,False,False,False,False
Quaxly - 082,Quaxly 082,082,Scarlet & Violet Promos,Scarlet & Violet,pokemon,Water,Basic,Promo,Holofoil,1.93,none,Quaxly 082,False,False,False,False,False,False
Skeledirge ex - 081,Skeledirge ex 081,081,Scarlet & Violet Promos,Scarlet & Violet,pokemon,Fire,Stage 2,Promo,Holofoil,2.9,none,Skeledirge ex 081,False,False,False,False,False,False
Meowscarada ex - 078,Meowscarada ex 078,078,Scarlet & Violet Promos,Scarlet & Violet,pokemon,Grass,Stage 2,Promo,Holofoil,4.0,none,Meowscarada ex 078,False,False,False,False,False,False
Floragato - 077,Floragato 077,077,Scarlet & Violet Promos,Scarlet & Violet,pokemon,Grass,Stage 1,Promo,Holofoil,2.43,none,Floragato 077,False,False,False,False,False,False
Crocalor - 080,Crocalor 080,080,Scarlet & Violet Promos,Scarlet & Violet,pokemon,Fire,Stage 1,Promo,Holofoil,1.73,none,Crocalor 080,False,False,False,False,False,False
Great Tusk ex - 072,Great Tusk ex 072,072,Scarlet & Violet Promos,Scarlet & Violet,pokemon,Fighting,Basic,Promo,Holofoil,1.08,none,Great Tusk ex 072,False,False,False,False,False,False
Iron Treads ex - 073,Iron Treads ex 073,073,Scarlet & Violet Promos,Scarlet & Violet,pokemon,Metal,Basic,Promo,Holofoil,0.88,none,Iron Treads ex 073,False,False,False,False,False,False
Charizard ex - 074,Charizard ex 074,074,Scarlet & Violet Promos,Scarlet & Violet,pokemon,Darkness,Stage 2,Promo,Holofoil,22.71,none,Charizard ex 074,False,False,False,False,False,False
Mabosstiff ex - 086,Mabosstiff ex 086,086,Scarlet & Violet Promos,Scarlet & Violet,pokemon,Darkness,Stage 1,Promo,Holofoil,0.44,none,Mabosstiff ex 086,False,False,False,False,False,False
Sprigatito ex - 087,Sprigatito ex 087,087,Scarlet & Violet Promos,Scarlet & Violet,pokemon,Grass,Basic,Promo,Holofoil,1.09,none,Sprigatito ex 087,False,False,False,False,False,False
Pikachu - 088,Pikachu 088,088,Scarlet & Violet Promos,Scarlet & Violet,pokemon,Lightning,Basic,Promo,Holofoil,31.77,none,Pikachu 088,False,False,False,False,False,False
Flutter Mane - 097,Flutter Mane 097,097,Scarlet & Violet Promos,Scarlet & Violet,pokemon,Psychic,Basic,Promo,Holofoil,2.36,none,Flutter Mane 097,False,False,False,False,False,False
Flutter Mane - 097 (Pokemon Center),Flutter Mane 097 Pokemon Center,097,Scarlet & Violet Promos,Scarlet & Violet,pokemon,Psychic,Basic,Promo,Holofoil,34.42,none,Flutter Mane 097 Pokemon Center,False,False,False,False,False,False
Iron Thorns - 098,Iron Thorns 098,098,Scarlet & Violet Promos,Scarlet & Violet,pokemon,Lightning,Basic,Promo,Holofoil,2.32,none,Iron Thorns 098,False,False,False,False,False,False
Iron Thorns - 098 (Pokemon Center),Iron Thorns 098 Pokemon Center,098,Scarlet & Violet Promos,Scarlet & Violet,pokemon,Lightning,Basic,Promo,Holofoil,37.38,none,Iron Thorns 098 Pokemon Center,False,False,False,False,False,False
Feraligatr - 089 (Prerelease),Feraligatr 089 Prerelease,089,Scarlet & Violet Promos,Scarlet & Violet,pokemon,Water,Stage 2,Promo,Holofoil,7.78,none,Feraligatr 089 Prerelease,False,False,False,False,False,False
Metang - 090 (Prerelease),Metang 090 Prerelease,090,Scarlet & Violet Promos,Scarlet & Violet,pokemon,Metal,Stage 1,Promo,Holofoil,3.53,none,Metang 090 Prerelease,False,False,False,False,False,False
Koraidon - 091 (Prerelease),Koraidon 091 Prerelease,091,Scarlet & Violet Promos,Scarlet & Violet,pokemon,Dragon,Basic,Promo,Holofoil,2.91,none,Koraidon 091 Prerelease,False,False,False,False,False,False
Miraidon - 092 (Prerelease),Miraidon 092 Prerelease,092,Scarlet & Violet Promos,Scarlet & Violet,pokemon,Dragon,Basic,Promo,Holofoil,3.24,none,Miraidon 092 Prerelease,False,False,False,False,False,False
Carvanha - 093,Carvanha 093,093,Scarlet & Violet Promos,Scarlet & Violet,pokemon,Water,Basic,Promo,Holofoil,0.27,none,Carvanha 093,False,False,False,False,False,False
Bellibolt - 094,Bellibolt 094,094,Scarlet & Violet Promos,Scarlet & Violet,pokemon,Lightning,Stage 1,Promo,Holofoil,0.33,none,Bellibolt 094,False,False,False,False,False,False
Cleffa - 095,Cleffa 095,095,Scarlet & Violet Promos,Scarlet & Violet,pokemon,Psychic,Basic,Promo,Holofoil,1.26,none,Cleffa 095,False,False,False,False,False,False
Cyclizar - 096,Cyclizar 096,096,Scarlet & Violet Promos,Scarlet & Violet,pokemon,Colorless,Basic,Promo,Holofoil,0.36,none,Cyclizar 096,False,False,False,False,False,False
Iono - 124,Iono 124,124,Scarlet & Violet Promos,Scarlet & Violet,trainer,Supporter,,Promo,Holofoil,12.94,none,Iono 124,False,False,False,False,False,False
Grafaiai ex - 100,Grafaiai ex 100,100,Scarlet & Violet Promos,Scarlet & Violet,pokemon,Colorless,Stage 1,Promo,Holofoil,0.81,none,Grafaiai ex 100,False,False,False,False,False,False
Shroodle - 099,Shroodle 099,099,Scarlet & Violet Promos,Scarlet & Violet,pokemon,Colorless,Basic,Promo,Holofoil,0.33,none,Shroodle 099,False,False,False,False,False,False
Houndoom ex - 103,Houndoom ex 103,103,Scarlet & Violet Promos,Scarlet & Violet,pokemon,Darkness,Stage 1,Promo,Holofoil,2.9,none,Houndoom ex 103,False,False,False,False,False,False
Melmetal ex - 104,Melmetal ex 104,104,Scarlet & Violet Promos,Scarlet & Violet,pokemon,Metal,Stage 1,Promo,Holofoil,1.5,none,Melmetal ex 104,False,False,False,False,False,False
Armarouge ex - 125,Armarouge ex 125,125,Scarlet & Violet Promos,Scarlet & Violet,pokemon,Fire,Stage 1,Promo,Holofoil,1.02,none,Armarouge ex 125,False,False,False,False,False,False
Koraidon - 091 (Prerelease) [Staff],Koraidon 091 Prerelease Staff,091,Scarlet & Violet Promos,Scarlet & Violet,pokemon,Dragon,Basic,Promo,Holofoil,27.0,none,Koraidon 091 Prerelease Staff,False,False,False,False,False,False
Miraidon - 092 (Prerelease) [Staff],Miraidon 092 Prerelease Staff,092,Scarlet & Violet Promos,Scarlet & Violet,pokemon,Dragon,Basic,Promo,Holofoil,24.35,none,Miraidon 092 Prerelease Staff,False,False,False,False,False,False
Feraligatr - 089 (Prerelease) [Staff],Feraligatr 089 Prerelease Staff,089,Scarlet & Violet Promos,Scarlet & Violet,pokemon,Water,Stage 2,Promo,Holofoil,55.13,none,Feraligatr 089 Prerelease Staff,False,False,False,False,False,False
Metang - 090 (Prerelease) [Staff],Metang 090 Prerelease Staff,090,Scarlet & Violet Promos,Scarlet & Violet,pokemon,Metal,Stage 1,Promo,Holofoil,19.81,none,Metang 090 Prerelease Staff,False,False,False,False,False,False
Chi-Yu - 057 (Prerelease) [Staff],Chi Yu 057 Prerelease Staff,057,Scarlet & Violet Promos,Scarlet & Violet,pokemon,Fire,Basic,Promo,Holofoil,80.98,none,Chi Yu 057 Prerelease Staff,False,False,False,False,False,False
Iron Bundle - 058 (Prerelease) [Staff],Iron Bundle 058 Prerelease Staff,058,Scarlet & Violet Promos,Scarlet & Violet,pokemon,Water,Basic,Promo,Holofoil,28.86,none,Iron Bundle 058 Prerelease Staff,False,False,False,False,False,False
Xatu - 059 (Prerelease) [Staff],Xatu 059 Prerelease Staff,059,Scarlet & Violet Promos,Scarlet & Violet,pokemon,Psychic,Stage 1,Promo,Holofoil,19.9,none,Xatu 059 Prerelease Staff,False,False,False,False,False,False
Aegislash - 060 (Prerelease) [Staff],Aegislash 060 Prerelease Staff,060,Scarlet & Violet Promos,Scarlet & Violet,pokemon,Metal,Stage 2,Promo,Holofoil,21.21,none,Aegislash 060 Prerelease Staff,False,False,False,False,False,False
Picnicker - 114,Picnicker 114,114,Scarlet & Violet Promos,Scarlet & Violet,trainer,Trainer - Supporter,,Promo,Normal,0.34,none,Picnicker 114,False,False,False,False,False,False
Thwackey - 115,Thwackey 115,115,Scarlet & Violet Promos,Scarlet & Violet,pokemon,Grass,Stage 1,Promo,Holofoil,10.34,none,Thwackey 115,False,False,False,False,False,False
Infernape - 116,Infernape 116,116,Scarlet & Violet Promos,Scarlet & Violet,pokemon,Fire,Stage 2,Promo,Holofoil,4.19,none,Infernape 116,False,False,False,False,False,False
Froslass - 117,Froslass 117,117,Scarlet & Violet Promos,Scarlet & Violet,pokemon,Water,Stage 1,Promo,Holofoil,8.23,none,Froslass 117,False,False,False,False,False,False
Tatsugiri - 118,Tatsugiri 118,118,Scarlet & Violet Promos,Scarlet & Violet,pokemon,Dragon,Basic,Promo,Holofoil,7.62,none,Tatsugiri 118,False,False,False,False,False,False
Teal Mask Ogerpon - 123,Teal Mask Ogerpon 123,123,Scarlet & Violet Promos,Scarlet & Violet,pokemon,Grass,Basic,Promo,Holofoil,1.45,none,Teal Mask Ogerpon 123,False,False,False,False,False,False
Teal Mask Ogerpon - 123 (Pokemon Center Exclusive),Teal Mask Ogerpon 123 Pokemon Center Exclusive,123,Scarlet & Violet Promos,Scarlet & Violet,pokemon,Grass,Basic,Promo,Holofoil,24.22,none,Teal Mask Ogerpon 123 Pokemon Center Exclusive,False,False,False,False,False,False
Sinistcha - 022/167 (Prerelease),Sinistcha 022 167 Prerelease,022/167,Scarlet & Violet Promos,Scarlet & Violet,pokemon,Grass,Stage 1,Promo,Holofoil,2.24,none,Sinistcha 022 167 Prerelease,False,False,False,False,False,False
Pupitar - 120,Pupitar 120,120,Scarlet & Violet Promos,Scarlet & Violet,pokemon,Fighting,Stage 1,Promo,Holofoil,0.4,none,Pupitar 120,False,False,False,False,False,False
Toxel - 119,Toxel 119,119,Scarlet & Violet Promos,Scarlet & Violet,pokemon,Lightning,Basic,Promo,Holofoil,0.47,none,Toxel 119,False,False,False,False,False,False
Revavroom - 121,Revavroom 121,121,Scarlet & Violet Promos,Scarlet & Violet,pokemon,Metal,Stage 1,Promo,Holofoil,0.62,none,Revavroom 121,False,False,False,False,False,False
Snorlax - 122,Snorlax 122,122,Scarlet & Violet Promos,Scarlet & Violet,pokemon,Colorless,Basic,Promo,Holofoil,7.16,none,Snorlax 122,False,False,False,False,False,False
Walking Wake ex - 127,Walking Wake ex 127,127,Scarlet & Violet Promos,Scarlet & Violet,pokemon,Water,Basic,Promo,Holofoil,0.6,none,Walking Wake ex 127,False,False,False,False,False,False
Iron Leaves ex - 128,Iron Leaves ex 128,128,Scarlet & Violet Promos,Scarlet & Violet,pokemon,Grass,Basic,Promo,Holofoil,0.63,none,Iron Leaves ex 128,False,False,False,False,False,False
Palafin ex - 126,Palafin ex 126,126,Scarlet & Violet Promos,Scarlet & Violet,pokemon,Water,Stage 1,Promo,Holofoil,0.69,none,Palafin ex 126,False,False,False,False,False,False
Revavroom - 121 (Cosmos Holo),Revavroom 121 Cosmos Holo,121,Scarlet & Violet Promos,Scarlet & Violet,pokemon,Metal,Stage 1,Promo,Holofoil,0.34,none,Revavroom 121 Cosmos Holo,False,False,False,False,False,False
Arctibax - 064 (Cosmos Holo),Arctibax 064 Cosmos Holo,064,Scarlet & Violet Promos,Scarlet & Violet,pokemon,Water,Stage 1,Promo,Holofoil,0.59,none,Arctibax 064 Cosmos Holo,False,False,False,False,False,False
Cetitan - 063 (Cosmos Holo),Cetitan 063 Cosmos Holo,063,Scarlet & Violet Promos,Scarlet & Violet,pokemon,Water,Stage 1,Promo,Holofoil,0.36,none,Cetitan 063 Cosmos Holo,False,False,False,False,False,False
Greninja ex - 132,Greninja ex 132,132,Scarlet & Violet Promos,Scarlet & Violet,pokemon,Water,Stage 2,Promo,Holofoil,105.47,none,Greninja ex 132,False,False,False,False,False,False
Kingdra ex - 131,Kingdra ex 131,131,Scarlet & Violet Promos,Scarlet & Violet,pokemon,Water,Stage 2,Promo,Holofoil,83.26,none,Kingdra ex 131,False,False,False,False,False,False
Pecharunt - 149,Pecharunt 149,149,Scarlet & Violet Promos,Scarlet & Violet,pokemon,Darkness,Basic,Promo,Holofoil,0.66,none,Pecharunt 149,False,False,False,False,False,False
Kingambit - 130,Kingambit 130,130,Scarlet & Violet Promos,Scarlet & Violet,pokemon,Metal,Stage 2,Promo,Holofoil,3.76,none,Kingambit 130,False,False,False,False,False,False
Pikachu - 190,Pikachu 190,190,Scarlet & Violet Promos,Scarlet & Violet,pokemon,Lightning,Basic,Promo,Normal,9.99,none,Pikachu 190,False,False,False,False,False,False
Thwackey - 115 (Prerelease) [Staff],Thwackey 115 Prerelease Staff,115,Scarlet & Violet Promos,Scarlet & Violet,pokemon,Grass,Stage 1,Promo,Holofoil,24.67,none,Thwackey 115 Prerelease Staff,False,False,False,False,False,False
Infernape - 116 (Prerelease) [Staff],Infernape 116 Prerelease Staff,116,Scarlet & Violet Promos,Scarlet & Violet,pokemon,Fire,Stage 2,Promo,Holofoil,46.12,none,Infernape 116 Prerelease Staff,False,False,False,False,False,False
Froslass - 117 (Prerelease) [Staff],Froslass 117 Prerelease Staff,117,Scarlet & Violet Promos,Scarlet & Violet,pokemon,Water,Stage 1,Promo,Holofoil,36.61,none,Froslass 117 Prerelease Staff,False,False,False,False,False,False
Tatsugiri - 118 (Prerelease) [Staff],Tatsugiri 118 Prerelease Staff,118,Scarlet & Violet Promos,Scarlet & Violet,pokemon,Dragon,Basic,Promo,Holofoil,55.82,none,Tatsugiri 118 Prerelease Staff,False,False,False,False,False,False
Pecharunt - 129,Pecharunt 129,129,Scarlet & Violet Promos,Scarlet & Violet,pokemon,Darkness,Basic,Promo,Holofoil,1.56,none,Pecharunt 129,False,False,False,False,False,False
Pecharunt - 129 (Pokemon Center Exclusive),Pecharunt 129 Pokemon Center Exclusive,129,Scarlet & Violet Promos,Scarlet & Violet,pokemon,Darkness,Basic,Promo,Holofoil,17.77,none,Pecharunt 129 Pokemon Center Exclusive,False,False,False,False,False,False
Ledian - 133,Ledian 133,133,Scarlet & Violet Promos,Scarlet & Violet,pokemon,Grass,Stage 1,Promo,Holofoil,3.02,none,Ledian 133,False,False,False,False,False,False
Crabominable - 134,Crabominable 134,134/142,Scarlet & Violet Promos,Scarlet & Violet,pokemon,Water,Stage 1,Promo,Holofoil,2.46,none,Crabominable 134,False,False,False,False,False,False
Drifblim - 135,Drifblim 135,135,Scarlet & Violet Promos,Scarlet & Violet,pokemon,Psychic,Stage 1,Promo,Holofoil,3.41,none,Drifblim 135,False,False,False,False,False,False
Bouffalant - 136,Bouffalant 136,136,Scarlet & Violet Promos,Scarlet & Violet,pokemon,Colorless,Basic,Promo,Holofoil,4.67,none,Bouffalant 136,False,False,False,False,False,False
Paradise Resort - 150 (World Championships 2024),Paradise Resort 150 World Championships 2024,150,Scarlet & Violet Promos,Scarlet & Violet,trainer,Stadium,,Promo,Normal,570.98,none,Paradise Resort 150 World Championships 2024,False,False,False,False,False,False
Noctowl - 141,Noctowl 141,141,Scarlet & Violet Promos,Scarlet & Violet,pokemon,Colorless,Stage 1,Promo,Holofoil,3.98,none,Noctowl 141,False,False,False,False,False,False
Noctowl - 141 (Pokemon Center Exclusive),Noctowl 141 Pokemon Center Exclusive,141,Scarlet & Violet Promos,Scarlet & Violet,pokemon,Colorless,Stage 1,Promo,Holofoil,35.82,none,Noctowl 141 Pokemon Center Exclusive,False,False,False,False,False,False
Iron Crown ex - 146,Iron Crown ex 146,146,Scarlet & Violet Promos,Scarlet & Violet,pokemon,Psychic,Basic,Promo,Holofoil,0.62,none,Iron Crown ex 146,False,False,False,False,False,False
Gouging Fire ex - 144,Gouging Fire ex 144,144,Scarlet & Violet Promos,Scarlet & Violet,pokemon,Fire,Basic,Promo,Holofoil,0.75,none,Gouging Fire ex 144,False,False,False,False,False,False
Ledian - 133 (Prerelease) [Staff],Ledian 133 Prerelease Staff,133,Scarlet & Violet Promos,Scarlet & Violet,pokemon,Grass,Stage 1,Promo,Reverse Holofoil,19.85,none,Ledian 133 Prerelease Staff,False,False,False,False,False,False
Crabominable - 134 (Prerelease) [Staff],Crabominable 134 Prerelease Staff,134/142,Scarlet & Violet Promos,Scarlet & Violet,pokemon,Water,Stage 1,Promo,Reverse Holofoil,16.97,none,Crabominable 134 Prerelease Staff,False,False,False,False,False,False
Drifblim - 135 (Prerelease) [Staff],Drifblim 135 Prerelease Staff,135,Scarlet & Violet Promos,Scarlet & Violet,pokemon,Psychic,Stage 1,Promo,Reverse Holofoil,16.97,none,Drifblim 135 Prerelease Staff,False,False,False,False,False,False
Bouffalant - 136 (Prerelease) [Staff],Bouffalant 136 Prerelease Staff,136,Scarlet & Violet Promos,Scarlet & Violet,pokemon,Colorless,Basic,Promo,Holofoil,18.0,none,Bouffalant 136 Prerelease Staff,False,False,False,False,False,False
Paradise Resort - 045 (World Championships 2023) [Staff],Paradise Resort 045 World Championships 2023 Staff,045,Scarlet & Violet Promos,Scarlet & Violet,trainer,Stadium,,Promo,Normal,696.52,none,Paradise Resort 045 World Championships 2023 Staff,False,False,False,False,False,False
Paradise Resort - 150 (World Championships 2024) [Staff],Paradise Resort 150 World Championships 2024 Staff,150,Scarlet & Violet Promos,Scarlet & Violet,trainer,Stadium,,Promo,Normal,433.51,none,Paradise Resort 150 World Championships 2024 Staff,False,False,False,False,False,False
Raging Bolt ex - 145,Raging Bolt ex 145,145,Scarlet & Violet Promos,Scarlet & Violet,pokemon,Dragon,Basic,Promo,Holofoil,1.36,none,Raging Bolt ex 145,False,False,False,False,False,False
Iron Boulder ex - 147,Iron Boulder ex 147,147,Scarlet & Violet Promos,Scarlet & Violet,pokemon,Fighting,Basic,Promo,Holofoil,0.62,none,Iron Boulder ex 147,False,False,False,False,False,False
Tinkaton - 140 (Cosmo Holo),Tinkaton 140 Cosmo Holo,140,Scarlet & Violet Promos,Scarlet & Violet,pokemon,Psychic,Stage 2,Promo,Holofoil,1.22,none,Tinkaton 140 Cosmo Holo,False,False,False,False,False,False
Horsea - 137 (Cosmo Holo),Horsea 137 Cosmo Holo,137,Scarlet & Violet Promos,Scarlet & Violet,pokemon,Water,Basic,Promo,Holofoil,1.43,none,Horsea 137 Cosmo Holo,False,False,False,False,False,False
Latias - 139 (Cosmo Holo),Latias 139 Cosmo Holo,139,Scarlet & Violet Promos,Scarlet & Violet,pokemon,Psychic,Basic,Promo,Holofoil,2.42,none,Latias 139 Cosmo Holo,False,False,False,False,False,False
Victini ex - 142,Victini ex 142,142,Scarlet & Violet Promos,Scarlet & Violet,pokemon,Fire,Basic,Promo,Holofoil,4.74,none,Victini ex 142,False,False,False,False,False,False
Charizard ex - 161,Charizard ex 161,161,Scarlet & Violet Promos,Scarlet & Violet,pokemon,Fire,Stage 2,Promo,Holofoil,7.48,none,Charizard ex 161,False,False,False,False,False,False
Squawkabilly ex - 160,Squawkabilly ex 160,160,Scarlet & Violet Promos,Scarlet & Violet,pokemon,Colorless,Basic,Promo,Holofoil,0.83,none,Squawkabilly ex 160,False,False,False,False,False,False
Houndstone ex,Houndstone ex,162,Scarlet & Violet Promos,Scarlet & Violet,pokemon,Psychic,Stage 1,Promo,Holofoil,0.65,none,Houndstone ex,False,False,False,False,False,False
Miraidon ex - 143,Miraidon ex 143,143,Scarlet & Violet Promos,Scarlet & Violet,pokemon,Lightning,Basic,Promo,Holofoil,6.02,none,Miraidon ex 143,False,False,False,False,False,False
Miraidon - 148,Miraidon 148,148,Scarlet & Violet Promos,Scarlet & Violet,pokemon,Lightning,Basic,Promo,Holofoil,8.12,none,Miraidon 148,False,False,False,False,False,False
Gouging Fire - 151,Gouging Fire 151,151,Scarlet & Violet Promos,Scarlet & Violet,pokemon,Fire,Basic,Promo,Holofoil,5.64,none,Gouging Fire 151,False,False,False,False,False,False
Chien-Pao - 152,Chien Pao 152,152,Scarlet & Violet Promos,Scarlet & Violet,pokemon,Water,Basic,Promo,Holofoil,10.54,none,Chien Pao 152,False,False,False,False,False,False
Magneton - 153,Magneton 153,153,Scarlet & Violet Promos,Scarlet & Violet,pokemon,Lightning,Stage 1,Promo,Holofoil,5.58,none,Magneton 153,False,False,False,False,False,False
Magneton - 159,Magneton 159,159,Scarlet & Violet Promos,Scarlet & Violet,pokemon,Lightning,Stage 1,Promo,Holofoil,7.71,none,Magneton 159,False,False,False,False,False,False
Indeedee - 154,Indeedee 154,154,Scarlet & Violet Promos,Scarlet & Violet,pokemon,Psychic,Basic,Promo,Holofoil,2.91,none,Indeedee 154,False,False,False,False,False,False
Wooper - 155,Wooper 155,155,Scarlet & Violet Promos,Scarlet & Violet,pokemon,Water,Basic,Promo,Holofoil,5.77,none,Wooper 155,False,False,False,False,False,False
Quagsire - 156,Quagsire 156,156,Scarlet & Violet Promos,Scarlet & Violet,pokemon,Water,Stage 1,Promo,Holofoil,1.09,none,Quagsire 156,False,False,False,False,False,False
Zapdos - 157,Zapdos 157,157,Scarlet & Violet Promos,Scarlet & Violet,pokemon,Lightning,Basic,Promo,Holofoil,0.84,none,Zapdos 157,False,False,False,False,False,False
Pachirisu - 158,Pachirisu 158,158,Scarlet & Violet Promos,Scarlet & Violet,pokemon,Lightning,Basic,Promo,Holofoil,1.05,none,Pachirisu 158,False,False,False,False,False,False
Magneton - 159 (Pokémon Center Exclusive),Magneton 159 Pokemon Center Exclusive,159,Scarlet & Violet Promos,Scarlet & Violet,pokemon,Lightning,Stage 1,Promo,Holofoil,65.19,none,Magneton 159 Pokemon Center Exclusive,False,False,False,False,False,False
Sprigatito - 191,Sprigatito 191,191,Scarlet & Violet Promos,Scarlet & Violet,pokemon,Grass,Basic,Promo,Holofoil,2.55,none,Sprigatito 191,False,False,False,False,False,False
Fuecoco - 192,Fuecoco 192,192,Scarlet & Violet Promos,Scarlet & Violet,pokemon,Fire,Basic,Promo,Holofoil,1.37,none,Fuecoco 192,False,False,False,False,False,False
Bloodmoon Ursaluna ex - 177,Bloodmoon Ursaluna ex 177,177,Scarlet & Violet Promos,Scarlet & Violet,pokemon,Colorless,Basic,Promo,Holofoil,1.29,none,Bloodmoon Ursaluna ex 177,False,False,False,False,False,False
Cinderace ex - 163,Cinderace ex 163,163,Scarlet & Violet Promos,Scarlet & Violet,pokemon,Fire,Stage 2,Promo,Holofoil,4.86,none,Cinderace ex 163,False,False,False,False,False,False
Lapras ex - 164,Lapras ex 164,164,Scarlet & Violet Promos,Scarlet & Violet,pokemon,Water,Basic,Promo,Holofoil,8.56,none,Lapras ex 164,False,False,False,False,False,False
Terapagos ex - 165,Terapagos ex 165,165,Scarlet & Violet Promos,Scarlet & Violet,pokemon,Colorless,Basic,Promo,Holofoil,4.52,none,Terapagos ex 165,False,False,False,False,False,False
Teal Mask Ogerpon ex - 166,Teal Mask Ogerpon ex 166,166,Scarlet & Violet Promos,Scarlet & Violet,pokemon,Grass,Basic,Ultra Rare,Holofoil,5.48,none,Teal Mask Ogerpon ex 166,False,False,False,False,False,False
Gouging Fire - 151 (Staff),Gouging Fire 151 Staff,151,Scarlet & Violet Promos,Scarlet & Violet,pokemon,Fire,Basic,Promo,Holofoil,38.33,none,Gouging Fire 151 Staff,False,False,False,False,False,False
Chien-Pao - 152 (Staff),Chien Pao 152 Staff,152,Scarlet & Violet Promos,Scarlet & Violet,pokemon,Water,Basic,Promo,Holofoil,35.35,none,Chien Pao 152 Staff,False,False,False,False,False,False
Magneton - 153 (Staff),Magneton 153 Staff,153,Scarlet & Violet Promos,Scarlet & Violet,pokemon,Lightning,Stage 1,Promo,Holofoil,34.55,none,Magneton 153 Staff,False,False,False,False,False,False
Indeedee - 154 (Staff),Indeedee 154 Staff,154,Scarlet & Violet Promos,Scarlet & Violet,pokemon,Psychic,Basic,Promo,Holofoil,20.92,none,Indeedee 154 Staff,False,False,False,False,False,False
Pawmi - 040 (Cosmos Holo),Pawmi 040 Cosmos Holo,040,Scarlet & Violet Promos,Scarlet & Violet,pokemon,Lightning,Basic,Promo,Holofoil,0.37,none,Pawmi 040 Cosmos Holo,False,False,False,False,False,False
Eevee - 173 (Pokemon Center Exclusive),Eevee 173 Pokemon Center Exclusive,173,Scarlet & Violet Promos,Scarlet & Violet,pokemon,Colorless,Basic,Promo,Holofoil,94.07,none,Eevee 173 Pokemon Center Exclusive,False,False,False,False,False,False
Eevee - 173,Eevee 173,173,Scarlet & Violet Promos,Scarlet & Violet,pokemon,Colorless,Basic,Promo,Holofoil,15.3,none,Eevee 173,False,False,False,False,False,False
Flareon - 167 (Cosmos Holo),Flareon 167 Cosmos Holo,167,Scarlet & Violet Promos,Scarlet & Violet,pokemon,Fire,Stage 1,Promo,Holofoil,0.84,none,Flareon 167 Cosmos Holo,False,False,False,False,False,False
Vaporeon - 168 (Cosmos Holo),Vaporeon 168 Cosmos Holo,168,Scarlet & Violet Promos,Scarlet & Violet,pokemon,Water,Stage 1,Promo,Holofoil,0.93,none,Vaporeon 168 Cosmos Holo,False,False,False,False,False,False
Leafeon - 170 (Cosmos Holo),Leafeon 170 Cosmos Holo,170,Scarlet & Violet Promos,Scarlet & Violet,pokemon,Grass,Stage 1,Promo,Holofoil,1.35,none,Leafeon 170 Cosmos Holo,False,False,False,False,False,False
Glaceon - 171 (Cosmos Holo),Glaceon 171 Cosmos Holo,171,Scarlet & Violet Promos,Scarlet & Violet,pokemon,Water,Stage 1,Promo,Holofoil,0.92,none,Glaceon 171 Cosmos Holo,False,False,False,False,False,False
Sylveon - 172 (Cosmos Holo),Sylveon 172 Cosmos Holo,172,Scarlet & Violet Promos,Scarlet & Violet,pokemon,Psychic,Stage 1,Promo,Holofoil,2.89,none,Sylveon 172 Cosmos Holo,False,False,False,False,False,False
Kyogre ex - 178,Kyogre ex 178,178,Scarlet & Violet Promos,Scarlet & Violet,pokemon,Water,Basic,Promo,Holofoil,1.65,none,Kyogre ex 178,False,False,False,False,False,False
Xerneas ex - 179,Xerneas ex 179,179,Scarlet & Violet Promos,Scarlet & Violet,pokemon,Psychic,Basic,Promo,Holofoil,0.71,none,Xerneas ex 179,False,False,False,False,False,False
Dialga ex - 180,Dialga ex 180,180,Scarlet & Violet Promos,Scarlet & Violet,pokemon,Metal,Basic,Promo,Holofoil,0.74,none,Dialga ex 180,False,False,False,False,False,False
Feraligatr - 213 (Illustration Contest 2024),Feraligatr 213 Illustration Contest 2024,213,Scarlet & Violet Promos,Scarlet & Violet,pokemon,Water,Stage 2,Promo,Normal,4.39,none,Feraligatr 213 Illustration Contest 2024,False,False,False,False,False,False
Pikachu - 214 (Illustration Contest 2024),Pikachu 214 Illustration Contest 2024,214,Scarlet & Violet Promos,Scarlet & Violet,pokemon,Lightning,Basic,Promo,Normal,15.42,none,Pikachu 214 Illustration Contest 2024,False,False,False,False,False,False
Toxtricity ex - 215 (Illustration Contest 2024),Toxtricity ex 215 Illustration Contest 2024,215,Scarlet & Violet Promos,Scarlet & Violet,pokemon,Lightning,Stage 1,Promo,Normal,0.86,none,Toxtricity ex 215 Illustration Contest 2024,False,False,False,False,False,False
N's Darmanitan - 181 (Prerelease),Ns Darmanitan 181 Prerelease,181,Scarlet & Violet Promos,Scarlet & Violet,pokemon,Fire,Stage 1,Promo,Holofoil,11.03,none,Ns Darmanitan 181 Prerelease,False,False,False,False,False,False
Iono's Kilowattrel - 182 (Prerelease),Ionos Kilowattrel 182 Prerelease,182,Scarlet & Violet Promos,Scarlet & Violet,pokemon,Lightning,Stage 1,Promo,Holofoil,4.63,none,Ionos Kilowattrel 182 Prerelease,False,False,False,False,False,False
Lillie's Ribombee - 183 (Prerelease),Lillies Ribombee 183 Prerelease,183,Scarlet & Violet Promos,Scarlet & Violet,pokemon,Psychic,Stage 1,Promo,Holofoil,5.36,none,Lillies Ribombee 183 Prerelease,False,False,False,False,False,False
Hop's Snorlax - 184 (Prerelease),Hops Snorlax 184 Prerelease,184,Scarlet & Violet Promos,Scarlet & Violet,pokemon,Colorless,Basic,Promo,Holofoil,14.31,none,Hops Snorlax 184 Prerelease,False,False,False,False,False,False
Lillie's Ribombee - 183 (Prerelease) [Staff],Lillies Ribombee 183 Prerelease Staff,183,Scarlet & Violet Promos,Scarlet & Violet,pokemon,Psychic,Stage 1,Promo,Holofoil,22.51,none,Lillies Ribombee 183 Prerelease Staff,False,False,False,False,False,False
Iono's Kilowattrel - 182 (Prerelease) [Staff],Ionos Kilowattrel 182 Prerelease Staff,182,Scarlet & Violet Promos,Scarlet & Violet,pokemon,Lightning,Stage 1,Promo,Holofoil,20.3,none,Ionos Kilowattrel 182 Prerelease Staff,False,False,False,False,False,False
N's Darmanitan - 181 (Prerelease) [Staff],Ns Darmanitan 181 Prerelease Staff,181,Scarlet & Violet Promos,Scarlet & Violet,pokemon,Fire,Stage 1,Promo,Holofoil,37.74,none,Ns Darmanitan 181 Prerelease Staff,False,False,False,False,False,False
Hop's Snorlax - 184 (Prerelease) [Staff],Hops Snorlax 184 Prerelease Staff,184,Scarlet & Violet Promos,Scarlet & Violet,pokemon,Colorless,Basic,Promo,Holofoil,118.09,none,Hops Snorlax 184 Prerelease Staff,False,False,False,False,False,False
Hop's Zacian ex - SVP193,Hops Zacian ex SVP193,SVP193,Scarlet & Violet Promos,Scarlet & Violet,pokemon,Metal,Basic,Double Rare,Holofoil,0.77,none,Hops Zacian ex SVP193,False,False,False,False,False,False
Yanma - 185,Yanma 185,185,Scarlet & Violet Promos,Scarlet & Violet,pokemon,Grass,Basic,Promo,Holofoil,0.37,none,Yanma 185,False,False,False,False,False,False
Scraggy - 186,Scraggy 186,186,Scarlet & Violet Promos,Scarlet & Violet,pokemon,Darkness,Basic,Promo,Holofoil,0.61,none,Scraggy 186,False,False,False,False,False,False
Yanmega - 187 (Cosmos Holo),Yanmega 187 Cosmos Holo,187,Scarlet & Violet Promos,Scarlet & Violet,pokemon,Grass,Stage 1,Promo,Holofoil,0.3,none,Yanmega 187 Cosmos Holo,False,False,False,False,False,False
Scrafty - 188 (Cosmos Holo),Scrafty 188 Cosmos Holo,188,Scarlet & Violet Promos,Scarlet & Violet,pokemon,Darkness,Stage 1,Promo,Holofoil,0.28,none,Scrafty 188 Cosmos Holo,False,False,False,False,False,False
Lillie's Clefairy ex - 195,Lillies Clefairy ex 195,195,Scarlet & Violet Promos,Scarlet & Violet,pokemon,Psychic,Basic,Promo,Holofoil,13.16,none,Lillies Clefairy ex 195,False,False,False,False,False,False
Iono's Bellibolt ex - 194,Ionos Bellibolt ex 194,194,Scarlet & Violet Promos,Scarlet & Violet,pokemon,Lightning,Stage 1,Promo,Holofoil,2.34,none,Ionos Bellibolt ex 194,False,False,False,False,False,False
Eevee ex - 174,Eevee ex 174,174,Scarlet & Violet Promos,Scarlet & Violet,pokemon,Colorless,Basic,Promo,Holofoil,32.62,none,Eevee ex 174,False,False,False,False,False,False
Zacian ex - 198,Zacian ex 198,198,Scarlet & Violet Promos,Scarlet & Violet,pokemon,Metal,Basic,Promo,Holofoil,0.65,none,Zacian ex 198,False,False,False,False,False,False
Koraidon ex - 197,Koraidon ex 197,197,Scarlet & Violet Promos,Scarlet & Violet,pokemon,Fighting,Basic,Promo,Holofoil,0.49,none,Koraidon ex 197,False,False,False,False,False,False
Marnie’s Morpeko,Marnies Morpeko,206,Scarlet & Violet Promos,Scarlet & Violet,pokemon,Darkness,Basic,Holo Rare,Holofoil,41.44,none,Marnies Morpeko,False,False,False,False,False,False
Steven's Beldum - 207,Stevens Beldum 207,207,Scarlet & Violet Promos,Scarlet & Violet,pokemon,Metal,Basic,Promo,Holofoil,34.21,none,Stevens Beldum 207,False,False,False,False,False,False
Team Rocket's Wobbuffet,Team Rockets Wobbuffet,203,Scarlet & Violet Promos,Scarlet & Violet,pokemon,Psychic,Basic,Promo,Holofoil,10.29,none,Team Rockets Wobbuffet,False,False,False,False,False,False
Team Rocket's Wobbuffet (Pokemon Center Exclusive),Team Rockets Wobbuffet Pokemon Center Exclusive,203,Scarlet & Violet Promos,Scarlet & Violet,pokemon,Psychic,Basic,Promo,Holofoil,98.81,none,Team Rockets Wobbuffet Pokemon Center Exclusive,False,False,False,False,False,False
Eevee - 200 (Cosmos Holo),Eevee 200 Cosmos Holo,SVP 200,Scarlet & Violet Promos,Scarlet & Violet,pokemon,Colorless,Basic,Promo,Holofoil,2.87,none,Eevee 200 Cosmos Holo,False,False,False,False,False,False
Kangaskhan - 202 (Cosmos Holo),Kangaskhan 202 Cosmos Holo,202,Scarlet & Violet Promos,Scarlet & Violet,pokemon,Colorless,Basic,Holo Rare,Holofoil,0.68,none,Kangaskhan 202 Cosmos Holo,False,False,False,False,False,False
Cynthia's Garchomp ex,Cynthias Garchomp ex,204,Scarlet & Violet Promos,Scarlet & Violet,pokemon,Fighting,Stage 2,Promo,Holofoil,6.0,none,Cynthias Garchomp ex,False,False,False,False,False,False
Team Rocket's Mewtwo ex,Team Rockets Mewtwo ex,205,Scarlet & Violet Promos,Scarlet & Violet,pokemon,Psychic,Basic,Promo,Holofoil,2.37,none,Team Rockets Mewtwo ex,False,False,False,False,False,False
Zarude - 199 (Cosmos Holo),Zarude 199 Cosmos Holo,199,Scarlet & Violet Promos,Scarlet & Violet,pokemon,Grass,Basic,Holo Rare,Holofoil,0.26,none,Zarude 199 Cosmos Holo,False,False,False,False,False,False
Zebstrika - 201 (Cosmos Holo),Zebstrika 201 Cosmos Holo,201,Scarlet & Violet Promos,Scarlet & Violet,pokemon,Lightning,Stage 1,Holo Rare,Holofoil,0.55,none,Zebstrika 201 Cosmos Holo,False,False,False,False,False,False
Charizard ex -196,Charizard ex 196,196,Scarlet & Violet Promos,Scarlet & Violet,pokemon,Darkness,Stage 2,Promo,Holofoil,4.13,none,Charizard ex 196,False,False,False,False,False,False
Thundurus - 209,Thundurus 209,209,Scarlet & Violet Promos,Scarlet & Violet,pokemon,Lightning,Basic,Promo,Holofoil,1.67,none,Thundurus 209,False,False,False,False,False,False
Thundurus - 209 (Pokemon Center Exclusive),Thundurus 209 Pokemon Center Exclusive,209,Scarlet & Violet Promos,Scarlet & Violet,pokemon,Lightning,Basic,Promo,Holofoil,22.32,none,Thundurus 209 Pokemon Center Exclusive,False,False,False,False,False,False
Tornadus - 210,Tornadus 210,210,Scarlet & Violet Promos,Scarlet & Violet,pokemon,Colorless,Basic,Promo,Holofoil,1.36,none,Tornadus 210,False,False,False,False,False,False
Tornadus - 210 (Pokemon Center Exclusive),Tornadus 210 Pokemon Center Exclusive,210,Scarlet & Violet Promos,Scarlet & Violet,pokemon,Colorless,Basic,Promo,Holofoil,19.82,none,Tornadus 210 Pokemon Center Exclusive,False,False,False,False,False,False
Victini - 208,Victini 208,208,Scarlet & Violet Promos,Scarlet & Violet,pokemon,Fire,Basic,Promo,Holofoil,15.75,none,Victini 208,False,False,False,False,False,False
Gothitelle - 211,Gothitelle 211,211,Scarlet & Violet Promos,Scarlet & Violet,pokemon,Psychic,Stage 2,Promo,Holofoil,3.04,none,Gothitelle 211,False,False,False,False,False,False
Reuniclus - 212,Reuniclus 212,212,Scarlet & Violet Promos,Scarlet & Violet,pokemon,Psychic,Stage 2,Promo,Holofoil,2.04,none,Reuniclus 212,False,False,False,False,False,False
Pikachu - 225 (World Championship 2025),Pikachu 225 World Championship 2025,225,Scarlet & Violet Promos,Scarlet & Violet,pokemon,Lightning,Basic,Promo,Normal,5.56,none,Pikachu 225 World Championship 2025,False,False,False,False,False,False
Paradise Resort - 224 (World Championships 2025),Paradise Resort 224 World Championships 2025,224,Scarlet & Violet Promos,Scarlet & Violet,trainer,Stadium,,Promo,Normal,206.94,none,Paradise Resort 224 World Championships 2025,False,False,False,False,False,False
Paradise Resort - 224 (World Championships 2025) [Staff],Paradise Resort 224 World Championships 2025 Staff,224,Scarlet & Violet Promos,Scarlet & Violet,trainer,Stadium,,Promo,Normal,,none,Paradise Resort 224 World Championships 2025 Staff,False,False,False,False,False,False
Pikachu - 225 (World Championship 2025) [Winner],Pikachu 225 World Championship 2025 Winner,225,Scarlet & Violet Promos,Scarlet & Violet,pokemon,Lightning,Basic,Promo,Normal,89.24,none,Pikachu 225 World Championship 2025 Winner,False,False,False,False,False,False
Team Rocket's Mewtwo ex - 216,Team Rockets Mewtwo ex 216,216,Scarlet & Violet Promos,Scarlet & Violet,pokemon,Psychic,Basic,Promo,Holofoil,2.56,none,Team Rockets Mewtwo ex 216,False,False,False,False,False,False
Team Rocket's Nidoking ex - 217,Team Rockets Nidoking ex 217,217,Scarlet & Violet Promos,Scarlet & Violet,pokemon,Darkness,Stage 2,Promo,Holofoil,1.16,none,Team Rockets Nidoking ex 217,False,False,False,False,False,False
Team Rocket's Persian ex - 218,Team Rockets Persian ex 218,218,Scarlet & Violet Promos,Scarlet & Violet,pokemon,Colorless,Stage 1,Promo,Holofoil,1.04,none,Team Rockets Persian ex 218,False,False,False,False,False,False
Jolteon - 169 (Cosmos Holo),Jolteon 169 Cosmos Holo,169,Scarlet & Violet Promos,Scarlet & Violet,pokemon,Lightning,Stage 1,Rare,Holofoil,1.06,none,Jolteon 169 Cosmos Holo,False,False,False,False,False,False
Dondozo - 012 (Cosmos Holofoil),Dondozo 012 Cosmos Holofoil,012,Scarlet & Violet Promos,Scarlet & Violet,pokemon,Water,Basic,Promo,Holofoil,0.66,none,Dondozo 012 Cosmos Holofoil,False,False,False,False,False,False
Umbreon ex - 176,Umbreon ex 176,SVP 176,Scarlet & Violet Promos,Scarlet & Violet,pokemon,Darkness,Stage 1,Promo,Holofoil,41.29,none,Umbreon ex 176,False,False,False,False,False,False
Espeon ex - 175,Espeon ex 175,SVP 175,Scarlet & Violet Promos,Scarlet & Violet,pokemon,Psychic,Stage 1,Promo,Holofoil,21.6,none,Espeon ex 175,False,False,False,False,False,False
Black Belt's Training - 220,Black Belts Training 220,220,Scarlet & Violet Promos,Scarlet & Violet,trainer,Trainer - Supporter,,Promo,Normal,0.24,none,Black Belts Training 220,False,False,False,False,False,False
Black Belt's Training - 219,Black Belts Training 219,219,Scarlet & Violet Promos,Scarlet & Violet,trainer,Trainer - Supporter,,Promo,Normal,0.28,none,Black Belts Training 219,False,False,False,False,False,False
Professor's Research - 222,Professors Research 222,222,Scarlet & Violet Promos,Scarlet & Violet,trainer,Supporter,,Promo,Normal,0.18,none,Professors Research 222,False,False,False,False,False,False
Professor's Research - 223,Professors Research 223,223,Scarlet & Violet Promos,Scarlet & Violet,trainer,Supporter,,Promo,Normal,0.18,none,Professors Research 223,False,False,False,False,False,False
Professor's Research - 221,Professors Research 221,221,Scarlet & Violet Promos,Scarlet & Violet,trainer,Supporter,,Promo,Normal,0.18,none,Professors Research 221,False,False,False,False,False,False
Rockruff - 116/193 (Cosmos Holo),Rockruff 116 193 Cosmos Holo,116/193,Scarlet & Violet Promos,Scarlet & Violet,pokemon,Fighting,Basic,Common,,,none,Rockruff 116 193 Cosmos Holo,False,False,False,False,False,False
Pikachu (Asia Championship Series 23-24),Pikachu Asia Championship Series 23 24,101,Scarlet & Violet Promos,Scarlet & Violet,pokemon,Lightning,Basic,Promo,,,none,Pikachu Asia Championship Series 23 24,False,False,False,False,False,False
