cardName,cleanName,cardNumber,setName,setEra,supertype,cardSubType,stage,cardRarity,finishType,marketPrice
Fuecoco - 002,Fuecoco 002,002,Scarlet & Violet Promos,Scarlet & Violet,pokemon,Fire,Basic,Promo,Holofoil,7.29
Quaxly - 003,Quaxly 003,003,Scarlet & Violet Promos,Scarlet & Violet,pokemon,Water,Basic,Promo,Holofoil,2.65
Sprigatito - 001,Sprigatito 001,001,Scarlet & Violet Promos,Scarlet & Violet,pokemon,Grass,Basic,Promo,Holofoil,10.92
Lucario ex - 017,Lucario ex 017,017,Scarlet & Violet Promos,Scarlet & Violet,pokemon,Fighting,Stage 1,Promo,Holofoil,6.42
Ampharos ex - 016,Ampharos ex 016,016,Scarlet & Violet Promos,Scarlet & Violet,pokemon,Lightning,Stage 2,Promo,Holofoil,5.09
Mimikyu ex - 004,Mimikyu ex 004,004,Scarlet & Violet Promos,Scarlet & Violet,pokemon,Psychic,Basic,Promo,Holofoil,0.97
Quaquaval - 005 (Prerelease),Quaquaval 005 Prerelease,005,Scarlet & Violet Promos,Scarlet & Violet,pokemon,Water,Stage 2,Promo,Holofoil,2.18
Pawmot - 006 (Prerelease),Pawmot 006 Prerelease,006,Scarlet & Violet Promos,Scarlet & Violet,pokemon,Lightning,Stage 2,Promo,Holofoil,3.06
Hawlucha - 007 (Prerelease),Hawlucha 007 Prerelease,007,Scarlet & Violet Promos,Scarlet & Violet,pokemon,Fighting,Basic,Promo,Holofoil,8.71
Revavroom - 008 (Prerelease),Revavroom 008 Prerelease,008,Scarlet & Violet Promos,Scarlet & Violet,pokemon,Metal,Stage 1,Promo,Holofoil,2.61
Miraidon - 013,Miraidon 013,013,Scarlet & Violet Promos,Scarlet & Violet,pokemon,Lightning,Basic,Promo,Holofoil,6.39
Koraidon - 014,Koraidon 014,014,Scarlet & Violet Promos,Scarlet & Violet,pokemon,Fighting,Basic,Promo,Holofoil,5.51
Koraidon - 014 (Pokemon Center Exclusive),Koraidon 014 Pokemon Center Exclusive,014,Scarlet & Violet Promos,Scarlet & Violet,pokemon,Fighting,Basic,Promo,Holofoil,54.3
Miraidon - 013 (Pokemon Center Exclusive),Miraidon 013 Pokemon Center Exclusive,013,Scarlet & Violet Promos,Scarlet & Violet,pokemon,Lightning,Basic,Promo,Holofoil,60.1
Spidops - 009,Spidops 009,009,Scarlet & Violet Promos,Scarlet & Violet,pokemon,Grass,Stage 1,Promo,Holofoil,0.31
Espathra - 010,Espathra 010,010,Scarlet & Violet Promos,Scarlet & Violet,pokemon,Psychic,Stage 1,Promo,Holofoil,0.26
Arcanine - 011,Arcanine 011,011,Scarlet & Violet Promos,Scarlet & Violet,pokemon,Fire,Stage 1,Promo,Holofoil,1.58
Dondozo - 012,Dondozo 012,012,Scarlet & Violet Promos,Scarlet & Violet,pokemon,Water,Basic,Promo,Holofoil,0.33
Flaaffy - 015,Flaaffy 015,015,Scarlet & Violet Promos,Scarlet & Violet,pokemon,Lightning,Stage 1,Promo,Normal,2.35
Tinkatink - 025 (Cosmo Holofoil),Tinkatink 025 Cosmo Holofoil,025,Scarlet & Violet Promos,Scarlet & Violet,pokemon,Psychic,Basic,Promo,Holofoil,0.39
Miraidon ex - 028,Miraidon ex 028,028,Scarlet & Violet Promos,Scarlet & Violet,pokemon,Lightning,Basic,Promo,Holofoil,0.7
Koraidon ex - 029,Koraidon ex 029,029,Scarlet & Violet Promos,Scarlet & Violet,pokemon,Fighting,Basic,Promo,Holofoil,0.61
Pikachu - 027,Pikachu 027,027,Scarlet & Violet Promos,Scarlet & Violet,pokemon,Lightning,Basic,Promo,Holofoil,19.36
Pikachu - 027 (Pokemon Center Exclusive),Pikachu 027 Pokemon Center Exclusive,027,Scarlet & Violet Promos,Scarlet & Violet,pokemon,Lightning,Basic,Promo,Holofoil,139.23
Growlithe - 024,Growlithe 024,024,Scarlet & Violet Promos,Scarlet & Violet,pokemon,Fire,Basic,Promo,Holofoil,0.5
Smoliv - 023,Smoliv 023,023,Scarlet & Violet Promos,Scarlet & Violet,pokemon,Grass,Basic,Promo,Holofoil,0.36
Baxcalibur - 019 (Prerelease),Baxcalibur 019 Prerelease,019,Scarlet & Violet Promos,Scarlet & Violet,pokemon,Water,Stage 2,Promo,Holofoil,2.37
Tinkaton - 020 (Prerelease),Tinkaton 020 Prerelease,020,Scarlet & Violet Promos,Scarlet & Violet,pokemon,Psychic,Stage 2,Promo,Holofoil,6.33
Murkrow - 021 (Prerelease),Murkrow 021 Prerelease,021,Scarlet & Violet Promos,Scarlet & Violet,pokemon,Darkness,Basic,Promo,Holofoil,2.31
Pelipper - 022 (Prerelease),Pelipper 022 Prerelease,022,Scarlet & Violet Promos,Scarlet & Violet,pokemon,Colorless,Stage 1,Promo,Holofoil,1.16
Annihilape ex - 032,Annihilape ex 032,032,Scarlet & Violet Promos,Scarlet & Violet,pokemon,Fighting,Stage 2,Promo,Holofoil,0.77
Chien-Pao ex - 030,Chien Pao ex 030,030,Scarlet & Violet Promos,Scarlet & Violet,pokemon,Water,Basic,Promo,Holofoil,3.29
Tinkaton ex - 031,Tinkaton ex 031,031,Scarlet & Violet Promos,Scarlet & Violet,pokemon,Psychic,Stage 2,Promo,Holofoil,9.84
Charmander - 044,Charmander 044,044,Scarlet & Violet Promos,Scarlet & Violet,pokemon,Fire,Basic,Promo,Holofoil,68.72
Charmander - 044 (Pokemon Center Exclusive),Charmander 044 Pokemon Center Exclusive,044,Scarlet & Violet Promos,Scarlet & Violet,pokemon,Fire,Basic,Promo,Holofoil,237.34
Pawmi - 040,Pawmi 040,040,Scarlet & Violet Promos,Scarlet & Violet,pokemon,Lightning,Basic,Promo,Holofoil,0.34
Paldean Wooper - 041,Paldean Wooper 041,041,Scarlet & Violet Promos,Scarlet & Violet,pokemon,Darkness,Basic,Promo,Holofoil,0.52
Eevee - 043,Eevee 043,043,Scarlet & Violet Promos,Scarlet & Violet,pokemon,Colorless,Basic,Promo,Holofoil,5.27
Tinkaton - 020 (Prerelease) [Staff],Tinkaton 020 Prerelease Staff,020,Scarlet & Violet Promos,Scarlet & Violet,pokemon,Psychic,Stage 2,Promo,Holofoil,105.63
Cleffa - 037 (Prerelease),Cleffa 037 Prerelease,037,Scarlet & Violet Promos,Scarlet & Violet,pokemon,Psychic,Basic,Promo,Holofoil,8.41
Houndstone - 042,Houndstone 042,042,Scarlet & Violet Promos,Scarlet & Violet,pokemon,Psychic,Stage 1,Promo,Holofoil,0.43
Cleffa - 037 (Prerelease) [Staff],Cleffa 037 Prerelease Staff,037,Scarlet & Violet Promos,Scarlet & Violet,pokemon,Psychic,Basic,Promo,Holofoil,45.6
Palafin - 036 (Prerelease),Palafin 036 Prerelease,036,Scarlet & Violet Promos,Scarlet & Violet,pokemon,Water,Stage 1,Promo,Holofoil,4.18
Palafin - 036 (Prerelease) [Staff],Palafin 036 Prerelease Staff,036,Scarlet & Violet Promos,Scarlet & Violet,pokemon,Water,Stage 1,Promo,Holofoil,38.1
Togekiss - 038 (Prerelease),Togekiss 038 Prerelease,038,Scarlet & Violet Promos,Scarlet & Violet,pokemon,Psychic,Stage 2,Promo,Holofoil,5.23
Togekiss - 038 (Prerelease) [Staff],Togekiss 038 Prerelease Staff,038,Scarlet & Violet Promos,Scarlet & Violet,pokemon,Psychic,Stage 2,Promo,Holofoil,33.63
Mawile - 039 (Prerelease),Mawile 039 Prerelease,039,Scarlet & Violet Promos,Scarlet & Violet,pokemon,Metal,Basic,Promo,Holofoil,3.91
Mawile - 039 (Prerelease) [Staff],Mawile 039 Prerelease Staff,039,Scarlet & Violet Promos,Scarlet & Violet,pokemon,Metal,Basic,Promo,Holofoil,52.48
Skeledirge ex - 034,Skeledirge ex 034,034,Scarlet & Violet Promos,Scarlet & Violet,pokemon,Fire,Stage 2,Promo,Holofoil,0.91
Quaquaval ex - 035,Quaquaval ex 035,035,Scarlet & Violet Promos,Scarlet & Violet,pokemon,Water,Stage 2,Promo,Holofoil,0.66
Meowscarada ex - 033,Meowscarada ex 033,033,Scarlet & Violet Promos,Scarlet & Violet,pokemon,Grass,Stage 2,Promo,Holofoil,1.0
Baxcalibur - 019 (Prerelease) [Staff],Baxcalibur 019 Prerelease Staff,019,Scarlet & Violet Promos,Scarlet & Violet,pokemon,Water,Stage 2,Promo,Holofoil,40.44
Revavroom - 008 (Prerelease) [Staff],Revavroom 008 Prerelease Staff,008,Scarlet & Violet Promos,Scarlet & Violet,pokemon,Metal,Stage 1,Promo,Holofoil,32.71
Snorlax - 051,Snorlax 051,051,Scarlet & Violet Promos,Scarlet & Violet,pokemon,Colorless,Basic,Promo,Holofoil,24.69
Snorlax - 051 (Pokemon Center Exclusive),Snorlax 051 Pokemon Center Exclusive,051,Scarlet & Violet Promos,Scarlet & Violet,pokemon,Colorless,Basic,Promo,Holofoil,288.71
Bulbasaur - 046 (Cosmos Holo),Bulbasaur 046 Cosmos Holo,046,Scarlet & Violet Promos,Scarlet & Violet,pokemon,Grass,Basic,Promo,Holofoil,1.48
Charmander - 047 (Cosmos Holo),Charmander 047 Cosmos Holo,047,Scarlet & Violet Promos,Scarlet & Violet,pokemon,Fire,Basic,Promo,Holofoil,1.45
Squirtle - 048 (Cosmos Holo),Squirtle 048 Cosmos Holo,048,Scarlet & Violet Promos,Scarlet & Violet,pokemon,Water,Basic,Promo,Holofoil,1.65
Pikachu with Grey Felt Hat,Pikachu with Grey Felt Hat,085,Scarlet & Violet Promos,Scarlet & Violet,pokemon,Lightning,Basic,Promo,Normal,946.18
Paradise Resort - 045 (World Championships 2023),Paradise Resort 045 World Championships 2023,045,Scarlet & Violet Promos,Scarlet & Violet,trainer,Stadium,,Promo,Normal,599.98
Alakazam ex - 050,Alakazam ex 050,050,Scarlet & Violet Promos,Scarlet & Violet,pokemon,Psychic,Stage 2,Promo,Holofoil,0.87
Zapdos ex - 049,Zapdos ex 049,049,Scarlet & Violet Promos,Scarlet & Violet,pokemon,Lightning,Basic,Promo,Holofoil,0.73
Mew ex - 053,Mew ex 053,053,Scarlet & Violet Promos,Scarlet & Violet,pokemon,Psychic,Basic,Promo,Holofoil,81.31
Mewtwo - 052,Mewtwo 052,052,Scarlet & Violet Promos,Scarlet & Violet,pokemon,Psychic,Basic,Promo,Holofoil,52.22
Greninja ex - 054,Greninja ex 054,054,Scarlet & Violet Promos,Scarlet & Violet,pokemon,Water,Stage 2,Promo,Holofoil,4.98
Kangaskhan ex - 055,Kangaskhan ex 055,055,Scarlet & Violet Promos,Scarlet & Violet,pokemon,Colorless,Basic,Promo,Holofoil,7.6
Charizard ex - 056,Charizard ex 056,056,Scarlet & Violet Promos,Scarlet & Violet,pokemon,Darkness,Stage 2,Promo,Holofoil,13.9
Pawmot - 006 (Prerelease) [Staff],Pawmot 006 Prerelease Staff,006,Scarlet & Violet Promos,Scarlet & Violet,pokemon,Lightning,Stage 2,Promo,Holofoil,37.04
Hawlucha - 007 (Prerelease) [Staff],Hawlucha 007 Prerelease Staff,007,Scarlet & Violet Promos,Scarlet & Violet,pokemon,Fighting,Basic,Promo,Holofoil,116.38
Quaquaval - 005 (Prerelease) [Staff],Quaquaval 005 Prerelease Staff,005,Scarlet & Violet Promos,Scarlet & Violet,pokemon,Water,Stage 2,Promo,Holofoil,28.13
Oddish - 102,Oddish 102,102,Scarlet & Violet Promos,Scarlet & Violet,pokemon,Grass,Basic,Promo,Normal,5.54
Chi-Yu - 057 (Prerelease),Chi Yu 057 Prerelease,057,Scarlet & Violet Promos,Scarlet & Violet,pokemon,Fire,Basic,Promo,Holofoil,2.9
Iron Bundle - 058 (Prerelease),Iron Bundle 058 Prerelease,058,Scarlet & Violet Promos,Scarlet & Violet,pokemon,Water,Basic,Promo,Holofoil,2.26
Xatu - 059 (Prerelease),Xatu 059 Prerelease,059,Scarlet & Violet Promos,Scarlet & Violet,pokemon,Psychic,Stage 1,Rare,Holofoil,1.93
Aegislash - 060 (Prerelease),Aegislash 060 Prerelease,060,Scarlet & Violet Promos,Scarlet & Violet,pokemon,Metal,Stage 2,Promo,Holofoil,1.18
Pineco - 061,Pineco 061,061,Scarlet & Violet Promos,Scarlet & Violet,pokemon,Grass,Basic,Promo,Holofoil,0.28
Sinistea - 062,Sinistea 062,062,Scarlet & Violet Promos,Scarlet & Violet,pokemon,Psychic,Basic,Promo,Holofoil,0.3
Cetitan - 063,Cetitan 063,063,Scarlet & Violet Promos,Scarlet & Violet,pokemon,Water,Stage 1,Promo,Holofoil,0.46
Arctibax - 064,Arctibax 064,064,Scarlet & Violet Promos,Scarlet & Violet,pokemon,Water,Stage 1,Promo,Holofoil,0.82
Scream Tail - 065,Scream Tail 065,065,Scarlet & Violet Promos,Scarlet & Violet,pokemon,Psychic,Basic,Promo,Holofoil,6.17
Scream Tail - 065 (Pokemon Center Exclusive),Scream Tail 065 Pokemon Center Exclusive,065,Scarlet & Violet Promos,Scarlet & Violet,pokemon,Psychic,Basic,Promo,Holofoil,39.49
Iron Bundle - 066,Iron Bundle 066,066,Scarlet & Violet Promos,Scarlet & Violet,pokemon,Water,Basic,Promo,Holofoil,2.35
Iron Bundle - 066 (Pokemon Center Exclusive),Iron Bundle 066 Pokemon Center Exclusive,066,Scarlet & Violet Promos,Scarlet & Violet,pokemon,Water,Basic,Promo,Holofoil,31.74
Murkrow - 021 (Prerelease) [Staff],Murkrow 021 Prerelease Staff,021,Scarlet & Violet Promos,Scarlet & Violet,pokemon,Darkness,Basic,Promo,Holofoil,33.02
Pelipper - 022 (Prerelease) [Staff],Pelipper 022 Prerelease Staff,022,Scarlet & Violet Promos,Scarlet & Violet,pokemon,Colorless,Stage 1,Promo,Holofoil,28.28
Roaring Moon ex - 067,Roaring Moon ex 067,067,Scarlet & Violet Promos,Scarlet & Violet,pokemon,Darkness,Basic,Promo,Holofoil,0.92
Iron Valiant ex - 068,Iron Valiant ex 068,068,Scarlet & Violet Promos,Scarlet & Violet,pokemon,Psychic,Basic,Promo,Holofoil,0.65
Pikachu - 101,Pikachu 101,101,Scarlet & Violet Promos,Scarlet & Violet,pokemon,Lightning,Basic,Promo,Normal,35.27
Varoom - 026 (Cosmos Holo),Varoom 026 Cosmos Holo,026,Scarlet & Violet Promos,Scarlet & Violet,pokemon,Metal,Basic,Promo,Holofoil,0.33
Mimikyu - 075,Mimikyu 075,075,Scarlet & Violet Promos,Scarlet & Violet,pokemon,Psychic,Basic,Promo,Holofoil,14.28
Mimikyu - 075 (Pokemon Center Exclusive),Mimikyu 075 Pokemon Center Exclusive,075,Scarlet & Violet Promos,Scarlet & Violet,pokemon,Psychic,Basic,Promo,Holofoil,77.25
Fidough - 069,Fidough 069,069,Scarlet & Violet Promos,Scarlet & Violet,pokemon,Psychic,Basic,Promo,Holofoil,0.77
Greavard - 070,Greavard 070,070,Scarlet & Violet Promos,Scarlet & Violet,pokemon,Psychic,Basic,Promo,Holofoil,0.53
Maschiff - 071,Maschiff 071,071,Scarlet & Violet Promos,Scarlet & Violet,pokemon,Darkness,Basic,Promo,Holofoil,0.49
Fuecoco - 079,Fuecoco 079,079,Scarlet & Violet Promos,Scarlet & Violet,pokemon,Fire,Basic,Promo,Holofoil,3.85
Sprigatito - 076,Sprigatito 076,076,Scarlet & Violet Promos,Scarlet & Violet,pokemon,Grass,Basic,Promo,Holofoil,5.9
Quaxwell - 083,Quaxwell 083,083,Scarlet & Violet Promos,Scarlet & Violet,pokemon,Water,Stage 1,Promo,Holofoil,1.02
Quaquaval ex - 084,Quaquaval ex 084,084,Scarlet & Violet Promos,Scarlet & Violet,pokemon,Water,Stage 2,Promo,Holofoil,2.13
Quaxly - 082,Quaxly 082,082,Scarlet & Violet Promos,Scarlet & Violet,pokemon,Water,Basic,Promo,Holofoil,1.93
Skeledirge ex - 081,Skeledirge ex 081,081,Scarlet & Violet Promos,Scarlet & Violet,pokemon,Fire,Stage 2,Promo,Holofoil,2.9
Meowscarada ex - 078,Meowscarada ex 078,078,Scarlet & Violet Promos,Scarlet & Violet,pokemon,Grass,Stage 2,Promo,Holofoil,4.0
Floragato - 077,Floragato 077,077,Scarlet & Violet Promos,Scarlet & Violet,pokemon,Grass,Stage 1,Promo,Holofoil,2.43
Crocalor - 080,Crocalor 080,080,Scarlet & Violet Promos,Scarlet & Violet,pokemon,Fire,Stage 1,Promo,Holofoil,1.73
Great Tusk ex - 072,Great Tusk ex 072,072,Scarlet & Violet Promos,Scarlet & Violet,pokemon,Fighting,Basic,Promo,Holofoil,1.08
Iron Treads ex - 073,Iron Treads ex 073,073,Scarlet & Violet Promos,Scarlet & Violet,pokemon,Metal,Basic,Promo,Holofoil,0.88
Charizard ex - 074,Charizard ex 074,074,Scarlet & Violet Promos,Scarlet & Violet,pokemon,Darkness,Stage 2,Promo,Holofoil,22.71
Mabosstiff ex - 086,Mabosstiff ex 086,086,Scarlet & Violet Promos,Scarlet & Violet,pokemon,Darkness,Stage 1,Promo,Holofoil,0.44
Sprigatito ex - 087,Sprigatito ex 087,087,Scarlet & Violet Promos,Scarlet & Violet,pokemon,Grass,Basic,Promo,Holofoil,1.09
Pikachu - 088,Pikachu 088,088,Scarlet & Violet Promos,Scarlet & Violet,pokemon,Lightning,Basic,Promo,Holofoil,31.77
Flutter Mane - 097,Flutter Mane 097,097,Scarlet & Violet Promos,Scarlet & Violet,pokemon,Psychic,Basic,Promo,Holofoil,2.36
Flutter Mane - 097 (Pokemon Center),Flutter Mane 097 Pokemon Center,097,Scarlet & Violet Promos,Scarlet & Violet,pokemon,Psychic,Basic,Promo,Holofoil,34.42
Iron Thorns - 098,Iron Thorns 098,098,Scarlet & Violet Promos,Scarlet & Violet,pokemon,Lightning,Basic,Promo,Holofoil,2.32
Iron Thorns - 098 (Pokemon Center),Iron Thorns 098 Pokemon Center,098,Scarlet & Violet Promos,Scarlet & Violet,pokemon,Lightning,Basic,Promo,Holofoil,37.38
Feraligatr - 089 (Prerelease),Feraligatr 089 Prerelease,089,Scarlet & Violet Promos,Scarlet & Violet,pokemon,Water,Stage 2,Promo,Holofoil,7.78
Metang - 090 (Prerelease),Metang 090 Prerelease,090,Scarlet & Violet Promos,Scarlet & Violet,pokemon,Metal,Stage 1,Promo,Holofoil,3.53
Koraidon - 091 (Prerelease),Koraidon 091 Prerelease,091,Scarlet & Violet Promos,Scarlet & Violet,pokemon,Dragon,Basic,Promo,Holofoil,2.91
Miraidon - 092 (Prerelease),Miraidon 092 Prerelease,092,Scarlet & Violet Promos,Scarlet & Violet,pokemon,Dragon,Basic,Promo,Holofoil,3.24
Carvanha - 093,Carvanha 093,093,Scarlet & Violet Promos,Scarlet & Violet,pokemon,Water,Basic,Promo,Holofoil,0.27
Bellibolt - 094,Bellibolt 094,094,Scarlet & Violet Promos,Scarlet & Violet,pokemon,Lightning,Stage 1,Promo,Holofoil,0.33
Cleffa - 095,Cleffa 095,095,Scarlet & Violet Promos,Scarlet & Violet,pokemon,Psychic,Basic,Promo,Holofoil,1.26
Cyclizar - 096,Cyclizar 096,096,Scarlet & Violet Promos,Scarlet & Violet,pokemon,Colorless,Basic,Promo,Holofoil,0.36
Iono - 124,Iono 124,124,Scarlet & Violet Promos,Scarlet & Violet,trainer,Supporter,,Promo,Holofoil,12.94
Grafaiai ex - 100,Grafaiai ex 100,100,Scarlet & Violet Promos,Scarlet & Violet,pokemon,Colorless,Stage 1,Promo,Holofoil,0.81
Shroodle - 099,Shroodle 099,099,Scarlet & Violet Promos,Scarlet & Violet,pokemon,Colorless,Basic,Promo,Holofoil,0.33
Houndoom ex - 103,Houndoom ex 103,103,Scarlet & Violet Promos,Scarlet & Violet,pokemon,Darkness,Stage 1,Promo,Holofoil,2.9
Melmetal ex - 104,Melmetal ex 104,104,Scarlet & Violet Promos,Scarlet & Violet,pokemon,Metal,Stage 1,Promo,Holofoil,1.5
Armarouge ex - 125,Armarouge ex 125,125,Scarlet & Violet Promos,Scarlet & Violet,pokemon,Fire,Stage 1,Promo,Holofoil,1.02
Koraidon - 091 (Prerelease) [Staff],Koraidon 091 Prerelease Staff,091,Scarlet & Violet Promos,Scarlet & Violet,pokemon,Dragon,Basic,Promo,Holofoil,27.0
Miraidon - 092 (Prerelease) [Staff],Miraidon 092 Prerelease Staff,092,Scarlet & Violet Promos,Scarlet & Violet,pokemon,Dragon,Basic,Promo,Holofoil,24.35
Feraligatr - 089 (Prerelease) [Staff],Feraligatr 089 Prerelease Staff,089,Scarlet & Violet Promos,Scarlet & Violet,pokemon,Water,Stage 2,Promo,Holofoil,55.13
Metang - 090 (Prerelease) [Staff],Metang 090 Prerelease Staff,090,Scarlet & Violet Promos,Scarlet & Violet,pokemon,Metal,Stage 1,Promo,Holofoil,19.81
Chi-Yu - 057 (Prerelease) [Staff],Chi Yu 057 Prerelease Staff,057,Scarlet & Violet Promos,Scarlet & Violet,pokemon,Fire,Basic,Promo,Holofoil,80.98
Iron Bundle - 058 (Prerelease) [Staff],Iron Bundle 058 Prerelease Staff,058,Scarlet & Violet Promos,Scarlet & Violet,pokemon,Water,Basic,Promo,Holofoil,28.86
Xatu - 059 (Prerelease) [Staff],Xatu 059 Prerelease Staff,059,Scarlet & Violet Promos,Scarlet & Violet,pokemon,Psychic,Stage 1,Promo,Holofoil,19.9
Aegislash - 060 (Prerelease) [Staff],Aegislash 060 Prerelease Staff,060,Scarlet & Violet Promos,Scarlet & Violet,pokemon,Metal,Stage 2,Promo,Holofoil,21.21
Picnicker - 114,Picnicker 114,114,Scarlet & Violet Promos,Scarlet & Violet,trainer,Trainer - Supporter,,Promo,Normal,0.34
Thwackey - 115,Thwackey 115,115,Scarlet & Violet Promos,Scarlet & Violet,pokemon,Grass,Stage 1,Promo,Holofoil,10.34
Infernape - 116,Infernape 116,116,Scarlet & Violet Promos,Scarlet & Violet,pokemon,Fire,Stage 2,Promo,Holofoil,4.19
Froslass - 117,Froslass 117,117,Scarlet & Violet Promos,Scarlet & Violet,pokemon,Water,Stage 1,Promo,Holofoil,8.23
Tatsugiri - 118,Tatsugiri 118,118,Scarlet & Violet Promos,Scarlet & Violet,pokemon,Dragon,Basic,Promo,Holofoil,7.62
Teal Mask Ogerpon - 123,Teal Mask Ogerpon 123,123,Scarlet & Violet Promos,Scarlet & Violet,pokemon,Grass,Basic,Promo,Holofoil,1.45
Teal Mask Ogerpon - 123 (Pokemon Center Exclusive),Teal Mask Ogerpon 123 Pokemon Center Exclusive,123,Scarlet & Violet Promos,Scarlet & Violet,pokemon,Grass,Basic,Promo,Holofoil,24.22
Sinistcha - 022/167 (Prerelease),Sinistcha 022 167 Prerelease,022/167,Scarlet & Violet Promos,Scarlet & Violet,pokemon,Grass,Stage 1,Promo,Holofoil,2.24
Pupitar - 120,Pupitar 120,120,Scarlet & Violet Promos,Scarlet & Violet,pokemon,Fighting,Stage 1,Promo,Holofoil,0.4
Toxel - 119,Toxel 119,119,Scarlet & Violet Promos,Scarlet & Violet,pokemon,Lightning,Basic,Promo,Holofoil,0.47
Revavroom - 121,Revavroom 121,121,Scarlet & Violet Promos,Scarlet & Violet,pokemon,Metal,Stage 1,Promo,Holofoil,0.62
Snorlax - 122,Snorlax 122,122,Scarlet & Violet Promos,Scarlet & Violet,pokemon,Colorless,Basic,Promo,Holofoil,7.16
Walking Wake ex - 127,Walking Wake ex 127,127,Scarlet & Violet Promos,Scarlet & Violet,pokemon,Water,Basic,Promo,Holofoil,0.6
Iron Leaves ex - 128,Iron Leaves ex 128,128,Scarlet & Violet Promos,Scarlet & Violet,pokemon,Grass,Basic,Promo,Holofoil,0.63
Palafin ex - 126,Palafin ex 126,126,Scarlet & Violet Promos,Scarlet & Violet,pokemon,Water,Stage 1,Promo,Holofoil,0.69
Revavroom - 121 (Cosmos Holo),Revavroom 121 Cosmos Holo,121,Scarlet & Violet Promos,Scarlet & Violet,pokemon,Metal,Stage 1,Promo,Holofoil,0.34
Arctibax - 064 (Cosmos Holo),Arctibax 064 Cosmos Holo,064,Scarlet & Violet Promos,Scarlet & Violet,pokemon,Water,Stage 1,Promo,Holofoil,0.59
Cetitan - 063 (Cosmos Holo),Cetitan 063 Cosmos Holo,063,Scarlet & Violet Promos,Scarlet & Violet,pokemon,Water,Stage 1,Promo,Holofoil,0.36
Greninja ex - 132,Greninja ex 132,132,Scarlet & Violet Promos,Scarlet & Violet,pokemon,Water,Stage 2,Promo,Holofoil,105.47
Kingdra ex - 131,Kingdra ex 131,131,Scarlet & Violet Promos,Scarlet & Violet,pokemon,Water,Stage 2,Promo,Holofoil,83.26
Pecharunt - 149,Pecharunt 149,149,Scarlet & Violet Promos,Scarlet & Violet,pokemon,Darkness,Basic,Promo,Holofoil,0.66
Kingambit - 130,Kingambit 130,130,Scarlet & Violet Promos,Scarlet & Violet,pokemon,Metal,Stage 2,Promo,Holofoil,3.76
Pikachu - 190,Pikachu 190,190,Scarlet & Violet Promos,Scarlet & Violet,pokemon,Lightning,Basic,Promo,Normal,9.99
Thwackey - 115 (Prerelease) [Staff],Thwackey 115 Prerelease Staff,115,Scarlet & Violet Promos,Scarlet & Violet,pokemon,Grass,Stage 1,Promo,Holofoil,24.67
Infernape - 116 (Prerelease) [Staff],Infernape 116 Prerelease Staff,116,Scarlet & Violet Promos,Scarlet & Violet,pokemon,Fire,Stage 2,Promo,Holofoil,46.12
Froslass - 117 (Prerelease) [Staff],Froslass 117 Prerelease Staff,117,Scarlet & Violet Promos,Scarlet & Violet,pokemon,Water,Stage 1,Promo,Holofoil,36.61
Tatsugiri - 118 (Prerelease) [Staff],Tatsugiri 118 Prerelease Staff,118,Scarlet & Violet Promos,Scarlet & Violet,pokemon,Dragon,Basic,Promo,Holofoil,55.82
Pecharunt - 129,Pecharunt 129,129,Scarlet & Violet Promos,Scarlet & Violet,pokemon,Darkness,Basic,Promo,Holofoil,1.56
Pecharunt - 129 (Pokemon Center Exclusive),Pecharunt 129 Pokemon Center Exclusive,129,Scarlet & Violet Promos,Scarlet & Violet,pokemon,Darkness,Basic,Promo,Holofoil,17.77
Ledian - 133,Ledian 133,133,Scarlet & Violet Promos,Scarlet & Violet,pokemon,Grass,Stage 1,Promo,Holofoil,3.02
Crabominable - 134,Crabominable 134,134/142,Scarlet & Violet Promos,Scarlet & Violet,pokemon,Water,Stage 1,Promo,Holofoil,2.46
Drifblim - 135,Drifblim 135,135,Scarlet & Violet Promos,Scarlet & Violet,pokemon,Psychic,Stage 1,Promo,Holofoil,3.41
Bouffalant - 136,Bouffalant 136,136,Scarlet & Violet Promos,Scarlet & Violet,pokemon,Colorless,Basic,Promo,Holofoil,4.67
Paradise Resort - 150 (World Championships 2024),Paradise Resort 150 World Championships 2024,150,Scarlet & Violet Promos,Scarlet & Violet,trainer,Stadium,,Promo,Normal,570.98
Noctowl - 141,Noctowl 141,141,Scarlet & Violet Promos,Scarlet & Violet,pokemon,Colorless,Stage 1,Promo,Holofoil,3.98
Noctowl - 141 (Pokemon Center Exclusive),Noctowl 141 Pokemon Center Exclusive,141,Scarlet & Violet Promos,Scarlet & Violet,pokemon,Colorless,Stage 1,Promo,Holofoil,35.82
Iron Crown ex - 146,Iron Crown ex 146,146,Scarlet & Violet Promos,Scarlet & Violet,pokemon,Psychic,Basic,Promo,Holofoil,0.62
Gouging Fire ex - 144,Gouging Fire ex 144,144,Scarlet & Violet Promos,Scarlet & Violet,pokemon,Fire,Basic,Promo,Holofoil,0.75
Ledian - 133 (Prerelease) [Staff],Ledian 133 Prerelease Staff,133,Scarlet & Violet Promos,Scarlet & Violet,pokemon,Grass,Stage 1,Promo,Reverse Holofoil,19.85
Crabominable - 134 (Prerelease) [Staff],Crabominable 134 Prerelease Staff,134/142,Scarlet & Violet Promos,Scarlet & Violet,pokemon,Water,Stage 1,Promo,Reverse Holofoil,16.97
Drifblim - 135 (Prerelease) [Staff],Drifblim 135 Prerelease Staff,135,Scarlet & Violet Promos,Scarlet & Violet,pokemon,Psychic,Stage 1,Promo,Reverse Holofoil,16.97
Bouffalant - 136 (Prerelease) [Staff],Bouffalant 136 Prerelease Staff,136,Scarlet & Violet Promos,Scarlet & Violet,pokemon,Colorless,Basic,Promo,Holofoil,18.0
Paradise Resort - 045 (World Championships 2023) [Staff],Paradise Resort 045 World Championships 2023 Staff,045,Scarlet & Violet Promos,Scarlet & Violet,trainer,Stadium,,Promo,Normal,696.52
Paradise Resort - 150 (World Championships 2024) [Staff],Paradise Resort 150 World Championships 2024 Staff,150,Scarlet & Violet Promos,Scarlet & Violet,trainer,Stadium,,Promo,Normal,433.51
Raging Bolt ex - 145,Raging Bolt ex 145,145,Scarlet & Violet Promos,Scarlet & Violet,pokemon,Dragon,Basic,Promo,Holofoil,1.36
Iron Boulder ex - 147,Iron Boulder ex 147,147,Scarlet & Violet Promos,Scarlet & Violet,pokemon,Fighting,Basic,Promo,Holofoil,0.62
Tinkaton - 140 (Cosmo Holo),Tinkaton 140 Cosmo Holo,140,Scarlet & Violet Promos,Scarlet & Violet,pokemon,Psychic,Stage 2,Promo,Holofoil,1.22
Horsea - 137 (Cosmo Holo),Horsea 137 Cosmo Holo,137,Scarlet & Violet Promos,Scarlet & Violet,pokemon,Water,Basic,Promo,Holofoil,1.43
Latias - 139 (Cosmo Holo),Latias 139 Cosmo Holo,139,Scarlet & Violet Promos,Scarlet & Violet,pokemon,Psychic,Basic,Promo,Holofoil,2.42
Victini ex - 142,Victini ex 142,142,Scarlet & Violet Promos,Scarlet & Violet,pokemon,Fire,Basic,Promo,Holofoil,4.74
Charizard ex - 161,Charizard ex 161,161,Scarlet & Violet Promos,Scarlet & Violet,pokemon,Fire,Stage 2,Promo,Holofoil,7.48
Squawkabilly ex - 160,Squawkabilly ex 160,160,Scarlet & Violet Promos,Scarlet & Violet,pokemon,Colorless,Basic,Promo,Holofoil,0.83
Houndstone ex,Houndstone ex,162,Scarlet & Violet Promos,Scarlet & Violet,pokemon,Psychic,Stage 1,Promo,Holofoil,0.65
Miraidon ex - 143,Miraidon ex 143,143,Scarlet & Violet Promos,Scarlet & Violet,pokemon,Lightning,Basic,Promo,Holofoil,6.02
Miraidon - 148,Miraidon 148,148,Scarlet & Violet Promos,Scarlet & Violet,pokemon,Lightning,Basic,Promo,Holofoil,8.12
Gouging Fire - 151,Gouging Fire 151,151,Scarlet & Violet Promos,Scarlet & Violet,pokemon,Fire,Basic,Promo,Holofoil,5.64
Chien-Pao - 152,Chien Pao 152,152,Scarlet & Violet Promos,Scarlet & Violet,pokemon,Water,Basic,Promo,Holofoil,10.54
Magneton - 153,Magneton 153,153,Scarlet & Violet Promos,Scarlet & Violet,pokemon,Lightning,Stage 1,Promo,Holofoil,5.58
Magneton - 159,Magneton 159,159,Scarlet & Violet Promos,Scarlet & Violet,pokemon,Lightning,Stage 1,Promo,Holofoil,7.71
Indeedee - 154,Indeedee 154,154,Scarlet & Violet Promos,Scarlet & Violet,pokemon,Psychic,Basic,Promo,Holofoil,2.91
Wooper - 155,Wooper 155,155,Scarlet & Violet Promos,Scarlet & Violet,pokemon,Water,Basic,Promo,Holofoil,5.77
Quagsire - 156,Quagsire 156,156,Scarlet & Violet Promos,Scarlet & Violet,pokemon,Water,Stage 1,Promo,Holofoil,1.09
Zapdos - 157,Zapdos 157,157,Scarlet & Violet Promos,Scarlet & Violet,pokemon,Lightning,Basic,Promo,Holofoil,0.84
Pachirisu - 158,Pachirisu 158,158,Scarlet & Violet Promos,Scarlet & Violet,pokemon,Lightning,Basic,Promo,Holofoil,1.05
Magneton - 159 (Pokémon Center Exclusive),Magneton 159 Pokemon Center Exclusive,159,Scarlet & Violet Promos,Scarlet & Violet,pokemon,Lightning,Stage 1,Promo,Holofoil,65.19
Sprigatito - 191,Sprigatito 191,191,Scarlet & Violet Promos,Scarlet & Violet,pokemon,Grass,Basic,Promo,Holofoil,2.55
Fuecoco - 192,Fuecoco 192,192,Scarlet & Violet Promos,Scarlet & Violet,pokemon,Fire,Basic,Promo,Holofoil,1.37
Bloodmoon Ursaluna ex - 177,Bloodmoon Ursaluna ex 177,177,Scarlet & Violet Promos,Scarlet & Violet,pokemon,Colorless,Basic,Promo,Holofoil,1.29
Cinderace ex - 163,Cinderace ex 163,163,Scarlet & Violet Promos,Scarlet & Violet,pokemon,Fire,Stage 2,Promo,Holofoil,4.86
Lapras ex - 164,Lapras ex 164,164,Scarlet & Violet Promos,Scarlet & Violet,pokemon,Water,Basic,Promo,Holofoil,8.56
Terapagos ex - 165,Terapagos ex 165,165,Scarlet & Violet Promos,Scarlet & Violet,pokemon,Colorless,Basic,Promo,Holofoil,4.52
Teal Mask Ogerpon ex - 166,Teal Mask Ogerpon ex 166,166,Scarlet & Violet Promos,Scarlet & Violet,pokemon,Grass,Basic,Ultra Rare,Holofoil,5.48
Gouging Fire - 151 (Staff),Gouging Fire 151 Staff,151,Scarlet & Violet Promos,Scarlet & Violet,pokemon,Fire,Basic,Promo,Holofoil,38.33
Chien-Pao - 152 (Staff),Chien Pao 152 Staff,152,Scarlet & Violet Promos,Scarlet & Violet,pokemon,Water,Basic,Promo,Holofoil,35.35
Magneton - 153 (Staff),Magneton 153 Staff,153,Scarlet & Violet Promos,Scarlet & Violet,pokemon,Lightning,Stage 1,Promo,Holofoil,34.55
Indeedee - 154 (Staff),Indeedee 154 Staff,154,Scarlet & Violet Promos,Scarlet & Violet,pokemon,Psychic,Basic,Promo,Holofoil,20.92
Pawmi - 040 (Cosmos Holo),Pawmi 040 Cosmos Holo,040,Scarlet & Violet Promos,Scarlet & Violet,pokemon,Lightning,Basic,Promo,Holofoil,0.37
Eevee - 173 (Pokemon Center Exclusive),Eevee 173 Pokemon Center Exclusive,173,Scarlet & Violet Promos,Scarlet & Violet,pokemon,Colorless,Basic,Promo,Holofoil,94.07
Eevee - 173,Eevee 173,173,Scarlet & Violet Promos,Scarlet & Violet,pokemon,Colorless,Basic,Promo,Holofoil,15.3
Flareon - 167 (Cosmos Holo),Flareon 167 Cosmos Holo,167,Scarlet & Violet Promos,Scarlet & Violet,pokemon,Fire,Stage 1,Promo,Holofoil,0.84
Vaporeon - 168 (Cosmos Holo),Vaporeon 168 Cosmos Holo,168,Scarlet & Violet Promos,Scarlet & Violet,pokemon,Water,Stage 1,Promo,Holofoil,0.93
Leafeon - 170 (Cosmos Holo),Leafeon 170 Cosmos Holo,170,Scarlet & Violet Promos,Scarlet & Violet,pokemon,Grass,Stage 1,Promo,Holofoil,1.35
Glaceon - 171 (Cosmos Holo),Glaceon 171 Cosmos Holo,171,Scarlet & Violet Promos,Scarlet & Violet,pokemon,Water,Stage 1,Promo,Holofoil,0.92
Sylveon - 172 (Cosmos Holo),Sylveon 172 Cosmos Holo,172,Scarlet & Violet Promos,Scarlet & Violet,pokemon,Psychic,Stage 1,Promo,Holofoil,2.89
Kyogre ex - 178,Kyogre ex 178,178,Scarlet & Violet Promos,Scarlet & Violet,pokemon,Water,Basic,Promo,Holofoil,1.65
Xerneas ex - 179,Xerneas ex 179,179,Scarlet & Violet Promos,Scarlet & Violet,pokemon,Psychic,Basic,Promo,Holofoil,0.71
Dialga ex - 180,Dialga ex 180,180,Scarlet & Violet Promos,Scarlet & Violet,pokemon,Metal,Basic,Promo,Holofoil,0.74
Feraligatr - 213 (Illustration Contest 2024),Feraligatr 213 Illustration Contest 2024,213,Scarlet & Violet Promos,Scarlet & Violet,pokemon,Water,Stage 2,Promo,Normal,4.39
Pikachu - 214 (Illustration Contest 2024),Pikachu 214 Illustration Contest 2024,214,Scarlet & Violet Promos,Scarlet & Violet,pokemon,Lightning,Basic,Promo,Normal,15.42
Toxtricity ex - 215 (Illustration Contest 2024),Toxtricity ex 215 Illustration Contest 2024,215,Scarlet & Violet Promos,Scarlet & Violet,pokemon,Lightning,Stage 1,Promo,Normal,0.86
N's Darmanitan - 181 (Prerelease),Ns Darmanitan 181 Prerelease,181,Scarlet & Violet Promos,Scarlet & Violet,pokemon,Fire,Stage 1,Promo,Holofoil,11.03
Iono's Kilowattrel - 182 (Prerelease),Ionos Kilowattrel 182 Prerelease,182,Scarlet & Violet Promos,Scarlet & Violet,pokemon,Lightning,Stage 1,Promo,Holofoil,4.63
Lillie's Ribombee - 183 (Prerelease),Lillies Ribombee 183 Prerelease,183,Scarlet & Violet Promos,Scarlet & Violet,pokemon,Psychic,Stage 1,Promo,Holofoil,5.36
Hop's Snorlax - 184 (Prerelease),Hops Snorlax 184 Prerelease,184,Scarlet & Violet Promos,Scarlet & Violet,pokemon,Colorless,Basic,Promo,Holofoil,14.31
Lillie's Ribombee - 183 (Prerelease) [Staff],Lillies Ribombee 183 Prerelease Staff,183,Scarlet & Violet Promos,Scarlet & Violet,pokemon,Psychic,Stage 1,Promo,Holofoil,22.51
Iono's Kilowattrel - 182 (Prerelease) [Staff],Ionos Kilowattrel 182 Prerelease Staff,182,Scarlet & Violet Promos,Scarlet & Violet,pokemon,Lightning,Stage 1,Promo,Holofoil,20.3
N's Darmanitan - 181 (Prerelease) [Staff],Ns Darmanitan 181 Prerelease Staff,181,Scarlet & Violet Promos,Scarlet & Violet,pokemon,Fire,Stage 1,Promo,Holofoil,37.74
Hop's Snorlax - 184 (Prerelease) [Staff],Hops Snorlax 184 Prerelease Staff,184,Scarlet & Violet Promos,Scarlet & Violet,pokemon,Colorless,Basic,Promo,Holofoil,118.09
Hop's Zacian ex - SVP193,Hops Zacian ex SVP193,SVP193,Scarlet & Violet Promos,Scarlet & Violet,pokemon,Metal,Basic,Double Rare,Holofoil,0.77
Yanma - 185,Yanma 185,185,Scarlet & Violet Promos,Scarlet & Violet,pokemon,Grass,Basic,Promo,Holofoil,0.37
Scraggy - 186,Scraggy 186,186,Scarlet & Violet Promos,Scarlet & Violet,pokemon,Darkness,Basic,Promo,Holofoil,0.61
Yanmega - 187 (Cosmos Holo),Yanmega 187 Cosmos Holo,187,Scarlet & Violet Promos,Scarlet & Violet,pokemon,Grass,Stage 1,Promo,Holofoil,0.3
Scrafty - 188 (Cosmos Holo),Scrafty 188 Cosmos Holo,188,Scarlet & Violet Promos,Scarlet & Violet,pokemon,Darkness,Stage 1,Promo,Holofoil,0.28
Lillie's Clefairy ex - 195,Lillies Clefairy ex 195,195,Scarlet & Violet Promos,Scarlet & Violet,pokemon,Psychic,Basic,Promo,Holofoil,13.16
Iono's Bellibolt ex - 194,Ionos Bellibolt ex 194,194,Scarlet & Violet Promos,Scarlet & Violet,pokemon,Lightning,Stage 1,Promo,Holofoil,2.34
Eevee ex - 174,Eevee ex 174,174,Scarlet & Violet Promos,Scarlet & Violet,pokemon,Colorless,Basic,Promo,Holofoil,32.62
Zacian ex - 198,Zacian ex 198,198,Scarlet & Violet Promos,Scarlet & Violet,pokemon,Metal,Basic,Promo,Holofoil,0.65
Koraidon ex - 197,Koraidon ex 197,197,Scarlet & Violet Promos,Scarlet & Violet,pokemon,Fighting,Basic,Promo,Holofoil,0.49
Marnie’s Morpeko,Marnies Morpeko,206,Scarlet & Violet Promos,Scarlet & Violet,pokemon,Darkness,Basic,Holo Rare,Holofoil,41.44
Steven's Beldum - 207,Stevens Beldum 207,207,Scarlet & Violet Promos,Scarlet & Violet,pokemon,Metal,Basic,Promo,Holofoil,34.21
Team Rocket's Wobbuffet,Team Rockets Wobbuffet,203,Scarlet & Violet Promos,Scarlet & Violet,pokemon,Psychic,Basic,Promo,Holofoil,10.29
Team Rocket's Wobbuffet (Pokemon Center Exclusive),Team Rockets Wobbuffet Pokemon Center Exclusive,203,Scarlet & Violet Promos,Scarlet & Violet,pokemon,Psychic,Basic,Promo,Holofoil,98.81
Eevee - 200 (Cosmos Holo),Eevee 200 Cosmos Holo,SVP 200,Scarlet & Violet Promos,Scarlet & Violet,pokemon,Colorless,Basic,Promo,Holofoil,2.87
Kangaskhan - 202 (Cosmos Holo),Kangaskhan 202 Cosmos Holo,202,Scarlet & Violet Promos,Scarlet & Violet,pokemon,Colorless,Basic,Holo Rare,Holofoil,0.68
Cynthia's Garchomp ex,Cynthias Garchomp ex,204,Scarlet & Violet Promos,Scarlet & Violet,pokemon,Fighting,Stage 2,Promo,Holofoil,6.0
Team Rocket's Mewtwo ex,Team Rockets Mewtwo ex,205,Scarlet & Violet Promos,Scarlet & Violet,pokemon,Psychic,Basic,Promo,Holofoil,2.37
Zarude - 199 (Cosmos Holo),Zarude 199 Cosmos Holo,199,Scarlet & Violet Promos,Scarlet & Violet,pokemon,Grass,Basic,Holo Rare,Holofoil,0.26
Zebstrika - 201 (Cosmos Holo),Zebstrika 201 Cosmos Holo,201,Scarlet & Violet Promos,Scarlet & Violet,pokemon,Lightning,Stage 1,Holo Rare,Holofoil,0.55
Charizard ex -196,Charizard ex 196,196,Scarlet & Violet Promos,Scarlet & Violet,pokemon,Darkness,Stage 2,Promo,Holofoil,4.13
Thundurus - 209,Thundurus 209,209,Scarlet & Violet Promos,Scarlet & Violet,pokemon,Lightning,Basic,Promo,Holofoil,1.67
Thundurus - 209 (Pokemon Center Exclusive),Thundurus 209 Pokemon Center Exclusive,209,Scarlet & Violet Promos,Scarlet & Violet,pokemon,Lightning,Basic,Promo,Holofoil,22.32
Tornadus - 210,Tornadus 210,210,Scarlet & Violet Promos,Scarlet & Violet,pokemon,Colorless,Basic,Promo,Holofoil,1.36
Tornadus - 210 (Pokemon Center Exclusive),Tornadus 210 Pokemon Center Exclusive,210,Scarlet & Violet Promos,Scarlet & Violet,pokemon,Colorless,Basic,Promo,Holofoil,19.82
Victini - 208,Victini 208,208,Scarlet & Violet Promos,Scarlet & Violet,pokemon,Fire,Basic,Promo,Holofoil,15.75
Gothitelle - 211,Gothitelle 211,211,Scarlet & Violet Promos,Scarlet & Violet,pokemon,Psychic,Stage 2,Promo,Holofoil,3.04
Reuniclus - 212,Reuniclus 212,212,Scarlet & Violet Promos,Scarlet & Violet,pokemon,Psychic,Stage 2,Promo,Holofoil,2.04
Pikachu - 225 (World Championship 2025),Pikachu 225 World Championship 2025,225,Scarlet & Violet Promos,Scarlet & Violet,pokemon,Lightning,Basic,Promo,Normal,5.56
Paradise Resort - 224 (World Championships 2025),Paradise Resort 224 World Championships 2025,224,Scarlet & Violet Promos,Scarlet & Violet,trainer,Stadium,,Promo,Normal,206.94
Paradise Resort - 224 (World Championships 2025) [Staff],Paradise Resort 224 World Championships 2025 Staff,224,Scarlet & Violet Promos,Scarlet & Violet,trainer,Stadium,,Promo,Normal,
Pikachu - 225 (World Championship 2025) [Winner],Pikachu 225 World Championship 2025 Winner,225,Scarlet & Violet Promos,Scarlet & Violet,pokemon,Lightning,Basic,Promo,Normal,89.24
Team Rocket's Mewtwo ex - 216,Team Rockets Mewtwo ex 216,216,Scarlet & Violet Promos,Scarlet & Violet,pokemon,Psychic,Basic,Promo,Holofoil,2.56
Team Rocket's Nidoking ex - 217,Team Rockets Nidoking ex 217,217,Scarlet & Violet Promos,Scarlet & Violet,pokemon,Darkness,Stage 2,Promo,Holofoil,1.16
Team Rocket's Persian ex - 218,Team Rockets Persian ex 218,218,Scarlet & Violet Promos,Scarlet & Violet,pokemon,Colorless,Stage 1,Promo,Holofoil,1.04
Jolteon - 169 (Cosmos Holo),Jolteon 169 Cosmos Holo,169,Scarlet & Violet Promos,Scarlet & Violet,pokemon,Lightning,Stage 1,Rare,Holofoil,1.06
Dondozo - 012 (Cosmos Holofoil),Dondozo 012 Cosmos Holofoil,012,Scarlet & Violet Promos,Scarlet & Violet,pokemon,Water,Basic,Promo,Holofoil,0.66
Umbreon ex - 176,Umbreon ex 176,SVP 176,Scarlet & Violet Promos,Scarlet & Violet,pokemon,Darkness,Stage 1,Promo,Holofoil,41.29
Espeon ex - 175,Espeon ex 175,SVP 175,Scarlet & Violet Promos,Scarlet & Violet,pokemon,Psychic,Stage 1,Promo,Holofoil,21.6
Black Belt's Training - 220,Black Belts Training 220,220,Scarlet & Violet Promos,Scarlet & Violet,trainer,Trainer - Supporter,,Promo,Normal,0.24
Black Belt's Training - 219,Black Belts Training 219,219,Scarlet & Violet Promos,Scarlet & Violet,trainer,Trainer - Supporter,,Promo,Normal,0.28
Professor's Research - 222,Professors Research 222,222,Scarlet & Violet Promos,Scarlet & Violet,trainer,Supporter,,Promo,Normal,0.18
Professor's Research - 223,Professors Research 223,223,Scarlet & Violet Promos,Scarlet & Violet,trainer,Supporter,,Promo,Normal,0.18
Professor's Research - 221,Professors Research 221,221,Scarlet & Violet Promos,Scarlet & Violet,trainer,Supporter,,Promo,Normal,0.18
Rockruff - 116/193 (Cosmos Holo),Rockruff 116 193 Cosmos Holo,116/193,Scarlet & Violet Promos,Scarlet & Violet,pokemon,Fighting,Basic,Common,,
Pikachu (Asia Championship Series 23-24),Pikachu Asia Championship Series 23 24,101,Scarlet & Violet Promos,Scarlet & Violet,pokemon,Lightning,Basic,Promo,,
